"name,id,county"
"Aba,17376,Fejér"
"Abádszalók,12441,Jász-Nagykun-Szolnok"
"Abaliget,12548,Baranya"
"Abasár,24554,Heves"
"Abaújalpár,15662,Borsod-Abaúj-Zemplén"
"Abaújkér,26718,Borsod-Abaúj-Zemplén"
"Abaújlak,02820,Borsod-Abaúj-Zemplén"
"Abaújszántó,03595,Borsod-Abaúj-Zemplén"
"Abaújszolnok,26338,Borsod-Abaúj-Zemplén"
"Abaújvár,02273,Borsod-Abaúj-Zemplén"
"Abda,11882,Győr-Moson-Sopron"
"Abod,10357,Borsod-Abaúj-Zemplén"
"Abony,27872,Pest"
"Ábrahámhegy,04561,Veszprém"
"Ács,04428,Komárom-Esztergom"
"Acsa,18573,Pest"
"Acsád,07214,Vas"
"Acsalag,33385,Győr-Moson-Sopron"
"Ácsteszér,18139,Komárom-Esztergom"
"Adács,23241,Heves"
"Ádánd,06080,Somogy"
"Adásztevel,07302,Veszprém"
"Adony,08925,Fejér"
"Adorjánháza,31307,Veszprém"
"Adorjás,06868,Baranya"
"Ág,25812,Baranya"
"Ágasegyháza,17686,Bács-Kiskun"
"Ágfalva,04880,Győr-Moson-Sopron"
"Aggtelek,09362,Borsod-Abaúj-Zemplén"
"Agyagosszergény,29407,Győr-Moson-Sopron"
"Ajak,08776,Szabolcs-Szatmár-Bereg"
"Ajka,06673,Veszprém"
"Aka,06682,Komárom-Esztergom"
"Akasztó,21944,Bács-Kiskun"
"Alacska,33093,Borsod-Abaúj-Zemplén"
"Alap,26824,Fejér"
"Alattyán,25265,Jász-Nagykun-Szolnok"
"Albertirsa,31653,Pest"
"Alcsútdoboz,15176,Fejér"
"Aldebrő,06345,Heves"
"Algyő,34245,Csongrád-Csanád"
"Alibánfa,02644,Zala"
"Almamellék,13329,Baranya"
"Almásfüzitő,32346,Komárom-Esztergom"
"Almásháza,23384,Zala"
"Almáskamarás,29595,Békés"
"Almáskeresztúr,20376,Baranya"
"Álmosd,27641,Hajdú-Bihar"
"Alsóberecki,20482,Borsod-Abaúj-Zemplén"
"Alsóbogát,34184,Somogy"
"Alsódobsza,19664,Borsod-Abaúj-Zemplén"
"Alsógagy,14429,Borsod-Abaúj-Zemplén"
"Alsómocsolád,17385,Baranya"
"Alsónána,29665,Tolna"
"Alsónémedi,23199,Pest"
"Alsónemesapáti,19512,Zala"
"Alsónyék,11563,Tolna"
"Alsóörs,30526,Veszprém"
"Alsópáhok,32081,Zala"
"Alsópetény,16425,Nógrád"
"Alsórajk,18829,Zala"
"Alsóregmec,23223,Borsod-Abaúj-Zemplén"
"Alsószenterzsébet,08767,Zala"
"Alsószentiván,25283,Fejér"
"Alsószentmárton,33279,Baranya"
"Alsószölnök,22549,Vas"
"Alsószuha,28839,Borsod-Abaúj-Zemplén"
"Alsótelekes,08217,Borsod-Abaúj-Zemplén"
"Alsótold,07621,Nógrád"
"Alsóújlak,22725,Vas"
"Alsóvadász,29814,Borsod-Abaúj-Zemplén"
"Alsózsolca,21032,Borsod-Abaúj-Zemplén"
"Ambrózfalva,16197,Csongrád-Csanád"
"Anarcs,29975,Szabolcs-Szatmár-Bereg"
"Andocs,28714,Somogy"
"Andornaktálya,17987,Heves"
"Andrásfa,12317,Vas"
"Annavölgy,34227,Komárom-Esztergom"
"Apácatorna,28370,Veszprém"
"Apagy,20303,Szabolcs-Szatmár-Bereg"
"Apaj,33561,Pest"
"Aparhant,26125,Tolna"
"Apátfalva,14252,Csongrád-Csanád"
"Apátistvánfalva,08873,Vas"
"Apátvarasd,27298,Baranya"
"Apc,07241,Heves"
"Áporka,10108,Pest"
"Apostag,21148,Bács-Kiskun"
"Aranyosapáti,09353,Szabolcs-Szatmár-Bereg"
"Aranyosgadány,06886,Baranya"
"Arka,26198,Borsod-Abaúj-Zemplén"
"Arló,14331,Borsod-Abaúj-Zemplén"
"Arnót,03771,Borsod-Abaúj-Zemplén"
"Ároktő,03823,Borsod-Abaúj-Zemplén"
"Árpádhalom,19062,Csongrád-Csanád"
"Árpás,32249,Győr-Moson-Sopron"
"Ártánd,03319,Hajdú-Bihar"
"Ásotthalom,10339,Csongrád-Csanád"
"Ásványráró,26921,Győr-Moson-Sopron"
"Aszaló,04233,Borsod-Abaúj-Zemplén"
"Ászár,23852,Komárom-Esztergom"
"Aszód,16188,Pest"
"Aszófő,07339,Veszprém"
"Áta,28583,Baranya"
"Átány,06503,Heves"
"Atkár,16090,Heves"
"Attala,32735,Tolna"
"Babarc,05403,Baranya"
"Babarcszőlős,09663,Baranya"
"Babócsa,30474,Somogy"
"Bábolna,19363,Komárom-Esztergom"
"Bábonymegyer,28316,Somogy"
"Babosdöbréte,21263,Zala"
"Babót,15042,Győr-Moson-Sopron"
"Bácsalmás,10719,Bács-Kiskun"
"Bácsbokod,10180,Bács-Kiskun"
"Bácsborsód,27234,Bács-Kiskun"
"Bácsszentgyörgy,08697,Bács-Kiskun"
"Bácsszőlős,30155,Bács-Kiskun"
"Badacsonytomaj,22327,Veszprém"
"Badacsonytördemic,03267,Veszprém"
"Bag,09131,Pest"
"Bagamér,20011,Hajdú-Bihar"
"Baglad,11059,Zala"
"Bagod,30368,Zala"
"Bágyogszovát,28769,Győr-Moson-Sopron"
"Baj,29212,Komárom-Esztergom"
"Baja,03522,Bács-Kiskun"
"Bajánsenye,17020,Vas"
"Bajna,16744,Komárom-Esztergom"
"Bajót,29355,Komárom-Esztergom"
"Bak,04738,Zala"
"Bakháza,14395,Somogy"
"Bakóca,22275,Baranya"
"Bakonszeg,15167,Hajdú-Bihar"
"Bakonya,08299,Baranya"
"Bakonybánk,24244,Komárom-Esztergom"
"Bakonybél,23746,Veszprém"
"Bakonycsernye,08730,Fejér"
"Bakonygyirót,28936,Győr-Moson-Sopron"
"Bakonyjákó,29513,Veszprém"
"Bakonykoppány,07287,Veszprém"
"Bakonykúti,23153,Fejér"
"Bakonynána,25991,Veszprém"
"Bakonyoszlop,30410,Veszprém"
"Bakonypéterd,22062,Győr-Moson-Sopron"
"Bakonypölöske,06327,Veszprém"
"Bakonyság,29902,Veszprém"
"Bakonysárkány,25229,Komárom-Esztergom"
"Bakonyszentiván,23922,Veszprém"
"Bakonyszentkirály,22813,Veszprém"
"Bakonyszentlászló,05944,Győr-Moson-Sopron"
"Bakonyszombathely,22381,Komárom-Esztergom"
"Bakonyszücs,26417,Veszprém"
"Bakonytamási,24129,Veszprém"
"Baks,29106,Csongrád-Csanád"
"Baksa,03975,Baranya"
"Baktakék,18184,Borsod-Abaúj-Zemplén"
"Baktalórántháza,02325,Szabolcs-Szatmár-Bereg"
"Baktüttös,15097,Zala"
"Balajt,22521,Borsod-Abaúj-Zemplén"
"Balassagyarmat,13657,Nógrád"
"Balástya,23676,Csongrád-Csanád"
"Balaton,11527,Heves"
"Balatonakali,25308,Veszprém"
"Balatonakarattya,34421,Veszprém"
"Balatonalmádi,05838,Veszprém"
"Balatonberény,27377,Somogy"
"Balatonboglár,33853,Somogy"
"Balatoncsicsó,03072,Veszprém"
"Balatonederics,12238,Veszprém"
"Balatonendréd,19460,Somogy"
"Balatonfenyves,20729,Somogy"
"Balatonfőkajár,29461,Veszprém"
"Balatonföldvár,07117,Somogy"
"Balatonfüred,21175,Veszprém"
"Balatonfűzfő,02219,Veszprém"
"Balatongyörök,17002,Zala"
"Balatonhenye,03638,Veszprém"
"Balatonkenese,05148,Veszprém"
"Balatonkeresztúr,07375,Somogy"
"Balatonlelle,33862,Somogy"
"Balatonmagyaród,26462,Zala"
"Balatonmáriafürdő,14562,Somogy"
"Balatonőszöd,11916,Somogy"
"Balatonrendes,33844,Veszprém"
"Balatonszabadi,16601,Somogy"
"Balatonszárszó,24907,Somogy"
"Balatonszemes,22822,Somogy"
"Balatonszentgyörgy,21324,Somogy"
"Balatonszepezd,17154,Veszprém"
"Balatonszőlős,28501,Veszprém"
"Balatonudvari,15565,Veszprém"
"Balatonújlak,16470,Somogy"
"Balatonvilágos,03559,Somogy"
"Balinka,31103,Fejér"
"Balkány,26958,Szabolcs-Szatmár-Bereg"
"Ballószög,13408,Bács-Kiskun"
"Balmazújváros,02918,Hajdú-Bihar"
"Balogunyom,05102,Vas"
"Balotaszállás,25937,Bács-Kiskun"
"Balsa,15963,Szabolcs-Szatmár-Bereg"
"Bálványos,24457,Somogy"
"Bana,31422,Komárom-Esztergom"
"Bánd,14173,Veszprém"
"Bánfa,07603,Baranya"
"Bánhorváti,25159,Borsod-Abaúj-Zemplén"
"Bánk,24341,Nógrád"
"Bánokszentgyörgy,08439,Zala"
"Bánréve,21953,Borsod-Abaúj-Zemplén"
"Bár,24378,Baranya"
"Barabás,26480,Szabolcs-Szatmár-Bereg"
"Baracs,07047,Fejér"
"Baracska,08581,Fejér"
"Báránd,26693,Hajdú-Bihar"
"Baranyahídvég,20464,Baranya"
"Baranyajenő,24749,Baranya"
"Baranyaszentgyörgy,05485,Baranya"
"Barbacs,06196,Győr-Moson-Sopron"
"Barcs,32799,Somogy"
"Bárdudvarnok,03735,Somogy"
"Barlahida,27447,Zala"
"Bárna,20048,Nógrád"
"Barnag,15778,Veszprém"
"Bársonyos,08624,Komárom-Esztergom"
"Basal,15495,Baranya"
"Baskó,08846,Borsod-Abaúj-Zemplén"
"Báta,11712,Tolna"
"Bátaapáti,28909,Tolna"
"Bátaszék,08864,Tolna"
"Baté,32337,Somogy"
"Bátmonostor,03656,Bács-Kiskun"
"Bátonyterenye,33534,Nógrád"
"Bátor,24022,Heves"
"Bátorliget,02990,Szabolcs-Szatmár-Bereg"
"Battonya,18102,Békés"
"Bátya,11961,Bács-Kiskun"
"Batyk,24864,Zala"
"Bázakerettye,18698,Zala"
"Bazsi,07427,Veszprém"
"Béb,22901,Veszprém"
"Becsehely,23144,Zala"
"Becske,12016,Nógrád"
"Becskeháza,27049,Borsod-Abaúj-Zemplén"
"Becsvölgye,18360,Zala"
"Bedegkér,20710,Somogy"
"Bedő,33446,Hajdú-Bihar"
"Bejcgyertyános,10384,Vas"
"Békás,27058,Veszprém"
"Bekecs,06929,Borsod-Abaúj-Zemplén"
"Békés,09760,Békés"
"Békéscsaba,15200,Békés"
"Békéssámson,26189,Békés"
"Békésszentandrás,02680,Békés"
"Bekölce,04400,Heves"
"Bélapátfalva,33260,Heves"
"Bélavár,06910,Somogy"
"Belecska,28662,Tolna"
"Beled,10588,Győr-Moson-Sopron"
"Beleg,17127,Somogy"
"Belezna,09168,Zala"
"Bélmegyer,19390,Békés"
"Beloiannisz,08466,Fejér"
"Belsősárd,20950,Zala"
"Belvárdgyula,19008,Baranya"
"Benk,25441,Szabolcs-Szatmár-Bereg"
"Bénye,25098,Pest"
"Bér,32911,Nógrád"
"Bérbaltavár,32124,Vas"
"Bercel,02389,Nógrád"
"Beregdaróc,28246,Szabolcs-Szatmár-Bereg"
"Beregsurány,20677,Szabolcs-Szatmár-Bereg"
"Berekböszörmény,18467,Hajdú-Bihar"
"Berekfürdő,34005,Jász-Nagykun-Szolnok"
"Beremend,31927,Baranya"
"Berente,34290,Borsod-Abaúj-Zemplén"
"Beret,29674,Borsod-Abaúj-Zemplén"
"Berettyóújfalu,12788,Hajdú-Bihar"
"Berhida,33127,Veszprém"
"Berkenye,09034,Nógrád"
"Berkesd,16461,Baranya"
"Berkesz,07472,Szabolcs-Szatmár-Bereg"
"Bernecebaráti,18777,Pest"
"Berzék,26356,Borsod-Abaúj-Zemplén"
"Berzence,30119,Somogy"
"Besence,30049,Baranya"
"Besenyőd,13639,Szabolcs-Szatmár-Bereg"
"Besenyőtelek,27517,Heves"
"Besenyszög,11305,Jász-Nagykun-Szolnok"
"Besnyő,16346,Fejér"
"Beszterec,21227,Szabolcs-Szatmár-Bereg"
"Bezedek,14119,Baranya"
"Bezenye,29805,Győr-Moson-Sopron"
"Bezeréd,12830,Zala"
"Bezi,10560,Győr-Moson-Sopron"
"Biatorbágy,08891,Pest"
"Bicsérd,13310,Baranya"
"Bicske,10481,Fejér"
"Bihardancsháza,25256,Hajdú-Bihar"
"Biharkeresztes,19956,Hajdú-Bihar"
"Biharnagybajom,24828,Hajdú-Bihar"
"Bihartorda,29887,Hajdú-Bihar"
"Biharugra,29610,Békés"
"Bikács,11970,Tolna"
"Bikal,04899,Baranya"
"Biri,02945,Szabolcs-Szatmár-Bereg"
"Birján,05139,Baranya"
"Bisse,24925,Baranya"
"Boba,29203,Vas"
"Bocfölde,17543,Zala"
"Boconád,22354,Heves"
"Bócsa,08305,Bács-Kiskun"
"Bocska,31291,Zala"
"Bocskaikert,34102,Hajdú-Bihar"
"Boda,20899,Baranya"
"Bodajk,18254,Fejér"
"Bodmér,11624,Fejér"
"Bodolyabér,33002,Baranya"
"Bodonhely,06220,Győr-Moson-Sopron"
"Bodony,14933,Heves"
"Bodorfa,04321,Veszprém"
"Bodrog,10506,Somogy"
"Bodroghalom,23737,Borsod-Abaúj-Zemplén"
"Bodrogkeresztúr,30784,Borsod-Abaúj-Zemplén"
"Bodrogkisfalud,33808,Borsod-Abaúj-Zemplén"
"Bodrogolaszi,14401,Borsod-Abaúj-Zemplén"
"Bódvalenke,27429,Borsod-Abaúj-Zemplén"
"Bódvarákó,33303,Borsod-Abaúj-Zemplén"
"Bódvaszilas,05926,Borsod-Abaúj-Zemplén"
"Bogács,25195,Borsod-Abaúj-Zemplén"
"Bogád,32151,Baranya"
"Bogádmindszent,21892,Baranya"
"Bogdása,10694,Baranya"
"Bogyiszló,03425,Tolna"
"Bogyoszló,04367,Győr-Moson-Sopron"
"Bojt,14137,Hajdú-Bihar"
"Bókaháza,19929,Zala"
"Bokod,07311,Komárom-Esztergom"
"Bokor,03841,Nógrád"
"Boldog,03452,Heves"
"Boldogasszonyfa,13116,Baranya"
"Boldogkőújfalu,18944,Borsod-Abaúj-Zemplén"
"Boldogkőváralja,14474,Borsod-Abaúj-Zemplén"
"Boldva,08396,Borsod-Abaúj-Zemplén"
"Bolhás,13994,Somogy"
"Bolhó,18120,Somogy"
"Bóly,33154,Baranya"
"Boncodfölde,10782,Zala"
"Bonyhád,06497,Tolna"
"Bonyhádvarasd,14818,Tolna"
"Bonnya,22673,Somogy"
"Bordány,08192,Csongrád-Csanád"
"Borgáta,03090,Vas"
"Borjád,06725,Baranya"
"Borota,19327,Bács-Kiskun"
"Borsfa,10056,Zala"
"Borsodbóta,30669,Borsod-Abaúj-Zemplén"
"Borsodgeszt,16124,Borsod-Abaúj-Zemplén"
"Borsodivánka,06707,Borsod-Abaúj-Zemplén"
"Borsodnádasd,05315,Borsod-Abaúj-Zemplén"
"Borsodszentgyörgy,30207,Borsod-Abaúj-Zemplén"
"Borsodszirák,16799,Borsod-Abaúj-Zemplén"
"Borsosberény,09894,Nógrád"
"Borszörcsök,04765,Veszprém"
"Borzavár,30252,Veszprém"
"Bosta,14368,Baranya"
"Botpalád,22239,Szabolcs-Szatmár-Bereg"
"Botykapeterd,13365,Baranya"
"Bozzai,06390,Vas"
"Bozsok,05023,Vas"
"Bózsva,31006,Borsod-Abaúj-Zemplén"
"Bő,05476,Vas"
"Bőcs,05306,Borsod-Abaúj-Zemplén"
"Böde,22877,Zala"
"Bödeháza,04163,Zala"
"Bögöt,11651,Vas"
"Bögöte,07296,Vas"
"Böhönye,26532,Somogy"
"Bököny,11299,Szabolcs-Szatmár-Bereg"
"Bölcske,06558,Tolna"
"Bőny,33950,Győr-Moson-Sopron"
"Börcs,06619,Győr-Moson-Sopron"
"Börzönce,21139,Zala"
"Bősárkány,15501,Győr-Moson-Sopron"
"Bőszénfa,26277,Somogy"
"Bucsa,13471,Békés"
"Bucsu,32984,Vas"
"Búcsúszentlászló,20613,Zala"
"Bucsuta,07986,Zala"
"Budajenő,03407,Pest"
"Budakalász,23463,Pest"
"Budakeszi,12052,Pest"
"Budaörs,23278,Pest"
"Budapest,13578,"
"Budapest 01. ker.,09566,Budapest"
"Budapest 02. ker.,03179,Budapest"
"Budapest 03. ker.,18069,Budapest"
"Budapest 04. ker.,05467,Budapest"
"Budapest 05. ker.,13392,Budapest"
"Budapest 06. ker.,16586,Budapest"
"Budapest 07. ker.,29744,Budapest"
"Budapest 08. ker.,25405,Budapest"
"Budapest 09. ker.,29586,Budapest"
"Budapest 10. ker.,10700,Budapest"
"Budapest 11. ker.,14216,Budapest"
"Budapest 12. ker.,24697,Budapest"
"Budapest 13. ker.,24299,Budapest"
"Budapest 14. ker.,16337,Budapest"
"Budapest 15. ker.,11314,Budapest"
"Budapest 16. ker.,08208,Budapest"
"Budapest 17. ker.,02112,Budapest"
"Budapest 18. ker.,29285,Budapest"
"Budapest 19. ker.,04011,Budapest"
"Budapest 20. ker.,06026,Budapest"
"Budapest 21. ker.,13189,Budapest"
"Budapest 22. ker.,10214,Budapest"
"Budapest 23. ker.,34139,Budapest"
"Bugac,32823,Bács-Kiskun"
"Bugacpusztaháza,33631,Bács-Kiskun"
"Bugyi,32027,Pest"
"Buj,19707,Szabolcs-Szatmár-Bereg"
"Buják,14234,Nógrád"
"Buzsák,17358,Somogy"
"Bük,02431,Vas"
"Bükkábrány,13596,Borsod-Abaúj-Zemplén"
"Bükkaranyos,27890,Borsod-Abaúj-Zemplén"
"Bükkmogyorósd,19406,Borsod-Abaúj-Zemplén"
"Bükkösd,23162,Baranya"
"Bükkszék,02963,Heves"
"Bükkszenterzsébet,10621,Heves"
"Bükkszentkereszt,08022,Borsod-Abaúj-Zemplén"
"Bükkszentmárton,22099,Heves"
"Bükkzsérc,32887,Borsod-Abaúj-Zemplén"
"Bürüs,07533,Baranya"
"Büssü,08703,Somogy"
"Büttös,23977,Borsod-Abaúj-Zemplén"
"Cák,08271,Vas"
"Cakóháza,27085,Győr-Moson-Sopron"
"Cece,13152,Fejér"
"Cégénydányád,09681,Szabolcs-Szatmár-Bereg"
"Cegléd,11341,Pest"
"Ceglédbercel,20640,Pest"
"Celldömölk,27094,Vas"
"Cered,03665,Nógrád"
"Chernelházadamonya,09876,Vas"
"Cibakháza,22938,Jász-Nagykun-Szolnok"
"Cigánd,03939,Borsod-Abaúj-Zemplén"
"Cikó,19284,Tolna"
"Cirák,15954,Győr-Moson-Sopron"
"Cún,11086,Baranya"
"Csabacsűd,31334,Békés"
"Csabaszabadi,34078,Békés"
"Csabdi,30544,Fejér"
"Csabrendek,30924,Veszprém"
"Csáfordjánosfa,10047,Győr-Moson-Sopron"
"Csaholc,12928,Szabolcs-Szatmár-Bereg"
"Csajág,16072,Veszprém"
"Csákány,03799,Somogy"
"Csákánydoroszló,03911,Vas"
"Csákberény,05360,Fejér"
"Csákvár,20002,Fejér"
"Csanádalberti,02121,Csongrád-Csanád"
"Csanádapáca,20455,Békés"
"Csanádpalota,05379,Csongrád-Csanád"
"Csánig,26772,Vas"
"Csány,16841,Heves"
"Csányoszró,19901,Baranya"
"Csanytelek,22293,Csongrád-Csanád"
"Csapi,06132,Zala"
"Csapod,08563,Győr-Moson-Sopron"
"Csárdaszállás,25502,Békés"
"Csarnóta,30614,Baranya"
"Csaroda,29416,Szabolcs-Szatmár-Bereg"
"Császár,16416,Komárom-Esztergom"
"Császártöltés,10472,Bács-Kiskun"
"Császló,09715,Szabolcs-Szatmár-Bereg"
"Csátalja,26471,Bács-Kiskun"
"Csatár,23436,Zala"
"Csataszög,34175,Jász-Nagykun-Szolnok"
"Csatka,33109,Komárom-Esztergom"
"Csávoly,16373,Bács-Kiskun"
"Csebény,21591,Baranya"
"Csécse,30270,Nógrád"
"Csegöld,26107,Szabolcs-Szatmár-Bereg"
"Csehbánya,20251,Veszprém"
"Csehi,19488,Vas"
"Csehimindszent,12724,Vas"
"Csém,33640,Komárom-Esztergom"
"Csemő,05184,Pest"
"Csempeszkopács,23816,Vas"
"Csengele,32285,Csongrád-Csanád"
"Csenger,30641,Szabolcs-Szatmár-Bereg"
"Csengersima,24095,Szabolcs-Szatmár-Bereg"
"Csengerújfalu,26851,Szabolcs-Szatmár-Bereg"
"Csengőd,12344,Bács-Kiskun"
"Csénye,09070,Vas"
"Csenyéte,08493,Borsod-Abaúj-Zemplén"
"Csép,18272,Komárom-Esztergom"
"Csépa,13170,Jász-Nagykun-Szolnok"
"Csepreg,12140,Vas"
"Csér,30191,Győr-Moson-Sopron"
"Cserdi,26082,Baranya"
"Cserénfa,25681,Somogy"
"Cserépfalu,06974,Borsod-Abaúj-Zemplén"
"Cserépváralja,25575,Borsod-Abaúj-Zemplén"
"Cserháthaláp,21935,Nógrád"
"Cserhátsurány,22594,Nógrád"
"Cserhátszentiván,32319,Nógrád"
"Cserkeszőlő,05795,Jász-Nagykun-Szolnok"
"Cserkút,03896,Baranya"
"Csernely,28459,Borsod-Abaúj-Zemplén"
"Cserszegtomaj,07135,Zala"
"Csertalakos,10649,Zala"
"Csertő,13851,Baranya"
"Csesznek,24642,Veszprém"
"Csesztreg,02583,Zala"
"Csesztve,20145,Nógrád"
"Csetény,31699,Veszprém"
"Csévharaszt,18476,Pest"
"Csibrák,11998,Tolna"
"Csikéria,15699,Bács-Kiskun"
"Csikóstőttős,30094,Tolna"
"Csikvánd,13505,Győr-Moson-Sopron"
"Csincse,34111,Borsod-Abaúj-Zemplén"
"Csipkerek,26064,Vas"
"Csitár,05050,Nógrád"
"Csobád,05333,Borsod-Abaúj-Zemplén"
"Csobaj,20774,Borsod-Abaúj-Zemplén"
"Csobánka,06822,Pest"
"Csókakő,21908,Fejér"
"Csokonyavisonta,05971,Somogy"
"Csokvaomány,14289,Borsod-Abaúj-Zemplén"
"Csolnok,18926,Komárom-Esztergom"
"Csólyospálos,12025,Bács-Kiskun"
"Csoma,08040,Somogy"
"Csomád,33118,Pest"
"Csombárd,02477,Somogy"
"Csongrád,05111,Csongrád-Csanád"
"Csonkahegyhát,31149,Zala"
"Csonkamindszent,22576,Baranya"
"Csopak,02185,Veszprém"
"Csór,09779,Fejér"
"Csorna,04039,Győr-Moson-Sopron"
"Csorvás,26709,Békés"
"Csót,32878,Veszprém"
"Csöde,27492,Zala"
"Csögle,32814,Veszprém"
"Csökmő,12450,Hajdú-Bihar"
"Csököly,24314,Somogy"
"Csömend,27270,Somogy"
"Csömödér,29364,Zala"
"Csömör,22804,Pest"
"Csönge,22390,Vas"
"Csörnyeföld,33978,Zala"
"Csörög,34333,Pest"
"Csörötnek,04224,Vas"
"Csősz,06734,Fejér"
"Csővár,26985,Pest"
"Csurgó,21315,Somogy"
"Csurgónagymarton,10603,Somogy"
"Dabas,09247,Pest"
"Dabronc,17172,Veszprém"
"Dabrony,28237,Veszprém"
"Dad,33163,Komárom-Esztergom"
"Dág,22910,Komárom-Esztergom"
"Dáka,20154,Veszprém"
"Dalmand,29230,Tolna"
"Damak,11350,Borsod-Abaúj-Zemplén"
"Dámóc,07719,Borsod-Abaúj-Zemplén"
"Dánszentmiklós,31811,Pest"
"Dány,18397,Pest"
"Daraboshegy,15990,Vas"
"Darány,31352,Somogy"
"Darnó,18795,Szabolcs-Szatmár-Bereg"
"Darnózseli,21865,Győr-Moson-Sopron"
"Daruszentmiklós,34342,Fejér"
"Darvas,14678,Hajdú-Bihar"
"Dávod,10533,Bács-Kiskun"
"Debercsény,07320,Nógrád"
"Debrecen,15130,Hajdú-Bihar"
"Debréte,31954,Borsod-Abaúj-Zemplén"
"Decs,24989,Tolna"
"Dédestapolcsány,04686,Borsod-Abaúj-Zemplén"
"Dég,32753,Fejér"
"Dejtár,12511,Nógrád"
"Délegyháza,09973,Pest"
"Demecser,17756,Szabolcs-Szatmár-Bereg"
"Demjén,08660,Heves"
"Dencsháza,07773,Baranya"
"Dénesfa,32595,Győr-Moson-Sopron"
"Derecske,05573,Hajdú-Bihar"
"Derekegyház,07834,Csongrád-Csanád"
"Deszk,24077,Csongrád-Csanád"
"Detek,10524,Borsod-Abaúj-Zemplén"
"Detk,09201,Heves"
"Dévaványa,24819,Békés"
"Devecser,32276,Veszprém"
"Dinnyeberki,11952,Baranya"
"Diósberény,11688,Tolna"
"Diósd,24013,Pest"
"Diósjenő,06743,Nógrád"
"Dióskál,28778,Zala"
"Diósviszló,32373,Baranya"
"Doba,10870,Veszprém"
"Doboz,33190,Békés"
"Dobri,25885,Zala"
"Dobronhegy,32708,Zala"
"Dóc,30535,Csongrád-Csanád"
"Domaháza,25690,Borsod-Abaúj-Zemplén"
"Domaszék,13383,Csongrád-Csanád"
"Dombegyház,24031,Békés"
"Dombiratos,22132,Békés"
"Dombóvár,07685,Tolna"
"Dombrád,14508,Szabolcs-Szatmár-Bereg"
"Domony,04808,Pest"
"Domoszló,07515,Heves"
"Dormánd,30261,Heves"
"Dorog,10490,Komárom-Esztergom"
"Dorogháza,24439,Nógrád"
"Dozmat,16151,Vas"
"Döbörhegy,20695,Vas"
"Döbröce,07782,Zala"
"Döbrököz,02565,Tolna"
"Döbrönte,29470,Veszprém"
"Döge,03647,Szabolcs-Szatmár-Bereg"
"Dömös,06594,Komárom-Esztergom"
"Dömsöd,29647,Pest"
"Dör,21917,Győr-Moson-Sopron"
"Dörgicse,06363,Veszprém"
"Döröske,03036,Vas"
"Dötk,16009,Zala"
"Dövény,06123,Borsod-Abaúj-Zemplén"
"Drágszél,07524,Bács-Kiskun"
"Drávacsehi,28617,Baranya"
"Drávacsepely,28121,Baranya"
"Drávafok,17419,Baranya"
"Drávagárdony,13611,Somogy"
"Drávaiványi,32391,Baranya"
"Drávakeresztúr,09159,Baranya"
"Drávapalkonya,22734,Baranya"
"Drávapiski,12380,Baranya"
"Drávaszabolcs,28608,Baranya"
"Drávaszerdahely,30030,Baranya"
"Drávasztára,21698,Baranya"
"Drávatamási,15884,Somogy"
"Drégelypalánk,08156,Nógrád"
"Dubicsány,27669,Borsod-Abaúj-Zemplén"
"Dudar,02936,Veszprém"
"Duka,02927,Vas"
"Dunaalmás,33835,Komárom-Esztergom"
"Dunabogdány,25362,Pest"
"Dunaegyháza,21069,Bács-Kiskun"
"Dunafalva,12566,Bács-Kiskun"
"Dunaföldvár,31501,Tolna"
"Dunaharaszti,09584,Pest"
"Dunakeszi,18616,Pest"
"Dunakiliti,27739,Győr-Moson-Sopron"
"Dunapataj,07861,Bács-Kiskun"
"Dunaremete,02079,Győr-Moson-Sopron"
"Dunaszeg,21078,Győr-Moson-Sopron"
"Dunaszekcső,09186,Baranya"
"Dunaszentbenedek,11606,Bács-Kiskun"
"Dunaszentgyörgy,09539,Tolna"
"Dunaszentmiklós,24101,Komárom-Esztergom"
"Dunaszentpál,15875,Győr-Moson-Sopron"
"Dunasziget,10454,Győr-Moson-Sopron"
"Dunatetétlen,14766,Bács-Kiskun"
"Dunaújváros,03115,Fejér"
"Dunavarsány,20534,Pest"
"Dunavecse,07612,Bács-Kiskun"
"Dusnok,04109,Bács-Kiskun"
"Dúzs,19202,Tolna"
"Ebergőc,26347,Győr-Moson-Sopron"
"Ebes,14614,Hajdú-Bihar"
"Écs,16708,Győr-Moson-Sopron"
"Ecséd,17181,Heves"
"Ecseg,04251,Nógrád"
"Ecsegfalva,09432,Békés"
"Ecseny,10861,Somogy"
"Ecser,24518,Pest"
"Edde,03489,Somogy"
"Edelény,10728,Borsod-Abaúj-Zemplén"
"Edve,22442,Győr-Moson-Sopron"
"Eger,20491,Heves"
"Egerág,28918,Baranya"
"Egeralja,33871,Veszprém"
"Egeraracsa,24262,Zala"
"Egerbakta,12821,Heves"
"Egerbocs,26019,Heves"
"Egercsehi,16610,Heves"
"Egerfarmos,02981,Heves"
"Egerlövő,05865,Borsod-Abaúj-Zemplén"
"Egerszalók,24758,Heves"
"Egerszólát,13648,Heves"
"Égerszög,13356,Borsod-Abaúj-Zemplén"
"Egervár,33428,Zala"
"Egervölgy,28796,Vas"
"Egyed,20288,Győr-Moson-Sopron"
"Egyek,15741,Hajdú-Bihar"
"Egyházasdengeleg,17659,Nógrád"
"Egyházasfalu,15237,Győr-Moson-Sopron"
"Egyházasgerge,05980,Nógrád"
"Egyházasharaszti,16498,Baranya"
"Egyházashetye,10232,Vas"
"Egyházashollós,30429,Vas"
"Egyházaskesző,10445,Veszprém"
"Egyházaskozár,27401,Baranya"
"Egyházasrádóc,25946,Vas"
"Elek,32957,Békés"
"Ellend,06099,Baranya"
"Előszállás,20358,Fejér"
"Emőd,04677,Borsod-Abaúj-Zemplén"
"Encs,33048,Borsod-Abaúj-Zemplén"
"Encsencs,32328,Szabolcs-Szatmár-Bereg"
"Endrefalva,25496,Nógrád"
"Endrőc,28273,Baranya"
"Enese,15033,Győr-Moson-Sopron"
"Enying,02802,Fejér"
"Eperjes,22992,Csongrád-Csanád"
"Eperjeske,18528,Szabolcs-Szatmár-Bereg"
"Eplény,33941,Veszprém"
"Epöl,29638,Komárom-Esztergom"
"Ercsi,23603,Fejér"
"Érd,30988,Pest"
"Erdőbénye,25326,Borsod-Abaúj-Zemplén"
"Erdőhorváti,22503,Borsod-Abaúj-Zemplén"
"Erdőkertes,13480,Pest"
"Erdőkövesd,28556,Heves"
"Erdőkürt,22655,Nógrád"
"Erdősmárok,25821,Baranya"
"Erdősmecske,18704,Baranya"
"Erdőtarcsa,21795,Nógrád"
"Erdőtelek,24235,Heves"
"Erk,20118,Heves"
"Érpatak,10852,Szabolcs-Szatmár-Bereg"
"Érsekcsanád,11864,Bács-Kiskun"
"Érsekhalma,33589,Bács-Kiskun"
"Érsekvadkert,21582,Nógrád"
"Értény,08448,Tolna"
"Erzsébet,13499,Baranya"
"Esztár,25469,Hajdú-Bihar"
"Eszteregnye,06178,Zala"
"Esztergályhorváti,15769,Zala"
"Esztergom,25131,Komárom-Esztergom"
"Ete,06664,Komárom-Esztergom"
"Etes,15370,Nógrád"
"Etyek,02316,Fejér"
"Fábiánháza,23250,Szabolcs-Szatmár-Bereg"
"Fábiánsebestyén,19974,Csongrád-Csanád"
"Fácánkert,24192,Tolna"
"Fadd,18980,Tolna"
"Fáj,02741,Borsod-Abaúj-Zemplén"
"Fajsz,03230,Bács-Kiskun"
"Fancsal,12557,Borsod-Abaúj-Zemplén"
"Farád,33996,Győr-Moson-Sopron"
"Farkasgyepű,10250,Veszprém"
"Farkaslyuk,34272,Borsod-Abaúj-Zemplén"
"Farmos,09122,Pest"
"Fazekasboda,17835,Baranya"
"Fedémes,12432,Heves"
"Fegyvernek,16647,Jász-Nagykun-Szolnok"
"Fehérgyarmat,18971,Szabolcs-Szatmár-Bereg"
"Fehértó,06956,Győr-Moson-Sopron"
"Fehérvárcsurgó,32203,Fejér"
"Feked,04543,Baranya"
"Feketeerdő,32717,Győr-Moson-Sopron"
"Felcsút,29939,Fejér"
"Feldebrő,20747,Heves"
"Felgyő,22646,Csongrád-Csanád"
"Felpéc,33251,Győr-Moson-Sopron"
"Felsőberecki,08174,Borsod-Abaúj-Zemplén"
"Felsőcsatár,13587,Vas"
"Felsődobsza,09742,Borsod-Abaúj-Zemplén"
"Felsőegerszeg,13286,Baranya"
"Felsőgagy,29708,Borsod-Abaúj-Zemplén"
"Felsőjánosfa,08013,Vas"
"Felsőkelecsény,31723,Borsod-Abaúj-Zemplén"
"Felsőlajos,33598,Bács-Kiskun"
"Felsőmarác,29841,Vas"
"Felsőmocsolád,13985,Somogy"
"Felsőnána,15820,Tolna"
"Felsőnyárád,32762,Borsod-Abaúj-Zemplén"
"Felsőnyék,17914,Tolna"
"Felsőörs,24369,Veszprém"
"Felsőpáhok,11642,Zala"
"Felsőpakony,06035,Pest"
"Felsőpetény,24323,Nógrád"
"Felsőrajk,21476,Zala"
"Felsőregmec,07588,Borsod-Abaúj-Zemplén"
"Felsőszenterzsébet,30890,Zala"
"Felsőszentiván,02954,Bács-Kiskun"
"Felsőszentmárton,08819,Baranya"
"Felsőszölnök,23287,Vas"
"Felsőtárkány,16328,Heves"
"Felsőtelekes,31671,Borsod-Abaúj-Zemplén"
"Felsőtold,33312,Nógrád"
"Felsővadász,23533,Borsod-Abaúj-Zemplén"
"Felsőzsolca,02848,Borsod-Abaúj-Zemplén"
"Fényeslitke,22415,Szabolcs-Szatmár-Bereg"
"Fenyőfő,30678,Győr-Moson-Sopron"
"Ferencszállás,18999,Csongrád-Csanád"
"Fertőboz,11253,Győr-Moson-Sopron"
"Fertőd,09885,Győr-Moson-Sopron"
"Fertőendréd,09487,Győr-Moson-Sopron"
"Fertőhomok,10658,Győr-Moson-Sopron"
"Fertőrákos,12414,Győr-Moson-Sopron"
"Fertőszentmiklós,15343,Győr-Moson-Sopron"
"Fertőszéplak,31440,Győr-Moson-Sopron"
"Fiad,31644,Somogy"
"Filkeháza,25238,Borsod-Abaúj-Zemplén"
"Fityeház,19187,Zala"
"Foktő,02149,Bács-Kiskun"
"Folyás,34014,Hajdú-Bihar"
"Fonó,22026,Somogy"
"Fony,17932,Borsod-Abaúj-Zemplén"
"Fonyód,14632,Somogy"
"Forráskút,33020,Csongrád-Csanád"
"Forró,30483,Borsod-Abaúj-Zemplén"
"Fót,32610,Pest"
"Földeák,09210,Csongrád-Csanád"
"Földes,03258,Hajdú-Bihar"
"Főnyed,22707,Somogy"
"Fulókércs,22123,Borsod-Abaúj-Zemplén"
"Furta,16993,Hajdú-Bihar"
"Füle,06114,Fejér"
"Fülesd,10791,Szabolcs-Szatmár-Bereg"
"Fülöp,22150,Hajdú-Bihar"
"Fülöpháza,31468,Bács-Kiskun"
"Fülöpjakab,33622,Bács-Kiskun"
"Fülöpszállás,14058,Bács-Kiskun"
"Fülpösdaróc,14377,Szabolcs-Szatmár-Bereg"
"Fürged,17950,Tolna"
"Füzér,17109,Borsod-Abaúj-Zemplén"
"Füzérkajata,06460,Borsod-Abaúj-Zemplén"
"Füzérkomlós,11378,Borsod-Abaúj-Zemplén"
"Füzérradvány,10366,Borsod-Abaúj-Zemplén"
"Füzesabony,03276,Heves"
"Füzesgyarmat,12256,Békés"
"Fűzvölgy,16531,Zala"
"Gáborján,18175,Hajdú-Bihar"
"Gáborjánháza,17516,Zala"
"Gacsály,13727,Szabolcs-Szatmár-Bereg"
"Gadács,28264,Somogy"
"Gadány,26222,Somogy"
"Gadna,05494,Borsod-Abaúj-Zemplén"
"Gádoros,09511,Békés"
"Gagyapáti,28732,Borsod-Abaúj-Zemplén"
"Gagybátor,28307,Borsod-Abaúj-Zemplén"
"Gagyvendégi,03744,Borsod-Abaúj-Zemplén"
"Galambok,12991,Zala"
"Galgaguta,25663,Nógrád"
"Galgagyörk,13295,Pest"
"Galgahévíz,19503,Pest"
"Galgamácsa,27128,Pest"
"Gálosfa,06585,Somogy"
"Galvács,19293,Borsod-Abaúj-Zemplén"
"Gamás,06451,Somogy"
"Ganna,12742,Veszprém"
"Gánt,15750,Fejér"
"Gara,31848,Bács-Kiskun"
"Garáb,18494,Nógrád"
"Garabonc,12946,Zala"
"Garadna,10904,Borsod-Abaúj-Zemplén"
"Garbolc,04996,Szabolcs-Szatmár-Bereg"
"Gárdony,10296,Fejér"
"Garé,07560,Baranya"
"Gasztony,30906,Vas"
"Gátér,26383,Bács-Kiskun"
"Gávavencsellő,05801,Szabolcs-Szatmár-Bereg"
"Géberjén,03629,Szabolcs-Szatmár-Bereg"
"Gecse,09292,Veszprém"
"Géderlak,03577,Bács-Kiskun"
"Gégény,05670,Szabolcs-Szatmár-Bereg"
"Gelej,23719,Borsod-Abaúj-Zemplén"
"Gelénes,04613,Szabolcs-Szatmár-Bereg"
"Gellénháza,08068,Zala"
"Gelse,12089,Zala"
"Gelsesziget,09089,Zala"
"Gemzse,13000,Szabolcs-Szatmár-Bereg"
"Gencsapáti,24183,Vas"
"Gérce,26152,Vas"
"Gerde,12751,Baranya"
"Gerendás,07393,Békés"
"Gerényes,13347,Baranya"
"Geresdlak,02857,Baranya"
"Gerjen,05731,Tolna"
"Gersekarát,30942,Vas"
"Geszt,17394,Békés"
"Gesztely,15608,Borsod-Abaúj-Zemplén"
"Geszteréd,28893,Szabolcs-Szatmár-Bereg"
"Gétye,20039,Zala"
"Gibárt,20969,Borsod-Abaúj-Zemplén"
"Gic,16717,Veszprém"
"Gige,09177,Somogy"
"Gilvánfa,18333,Baranya"
"Girincs,21564,Borsod-Abaúj-Zemplén"
"Gógánfa,18193,Veszprém"
"Golop,13134,Borsod-Abaúj-Zemplén"
"Gomba,09441,Pest"
"Gombosszeg,17613,Zala"
"Gór,11156,Vas"
"Gordisa,33084,Baranya"
"Gosztola,13569,Zala"
"Göd,23649,Pest"
"Gödöllő,32559,Pest"
"Gödre,33233,Baranya"
"Gölle,30571,Somogy"
"Gömörszőlős,09706,Borsod-Abaúj-Zemplén"
"Gönc,15936,Borsod-Abaúj-Zemplén"
"Göncruszka,18643,Borsod-Abaúj-Zemplén"
"Gönyű,02060,Győr-Moson-Sopron"
"Görbeháza,16568,Hajdú-Bihar"
"Görcsöny,30438,Baranya"
"Görcsönydoboka,09636,Baranya"
"Görgeteg,14599,Somogy"
"Gősfa,29771,Zala"
"Grábóc,26727,Tolna"
"Gulács,29443,Szabolcs-Szatmár-Bereg"
"Gutorfölde,02097,Zala"
"Gyál,25627,Pest"
"Gyalóka,17969,Győr-Moson-Sopron"
"Gyanógeregye,27030,Vas"
"Gyarmat,26860,Győr-Moson-Sopron"
"Gyékényes,30960,Somogy"
"Gyenesdiás,23302,Zala"
"Gyepükaján,28671,Veszprém"
"Gyermely,06521,Komárom-Esztergom"
"Gyód,18315,Baranya"
"Gyomaendrőd,33455,Békés"
"Gyóró,23843,Győr-Moson-Sopron"
"Gyömöre,20400,Győr-Moson-Sopron"
"Gyömrő,29735,Pest"
"Gyöngyfa,28404,Baranya"
"Gyöngyös,05236,Heves"
"Gyöngyösfalu,11943,Vas"
"Gyöngyöshalász,17534,Heves"
"Gyöngyösmellék,22664,Baranya"
"Gyöngyösoroszi,13338,Heves"
"Gyöngyöspata,08323,Heves"
"Gyöngyössolymos,19123,Heves"
"Gyöngyöstarján,28088,Heves"
"Gyönk,30289,Tolna"
"Győr,25584,Győr-Moson-Sopron"
"Győrasszonyfa,08721,Győr-Moson-Sopron"
"Györe,25539,Tolna"
"Györgytarló,05069,Borsod-Abaúj-Zemplén"
"Györköny,12326,Tolna"
"Győrladamér,13198,Győr-Moson-Sopron"
"Győröcske,28945,Szabolcs-Szatmár-Bereg"
"Győrság,31316,Győr-Moson-Sopron"
"Győrsövényház,19309,Győr-Moson-Sopron"
"Győrszemere,15653,Győr-Moson-Sopron"
"Győrtelek,10126,Szabolcs-Szatmár-Bereg"
"Győrújbarát,07481,Győr-Moson-Sopron"
"Győrújfalu,31787,Győr-Moson-Sopron"
"Győrvár,09724,Vas"
"Győrzámoly,15228,Győr-Moson-Sopron"
"Gyugy,23904,Somogy"
"Gyula,05032,Békés"
"Gyulaháza,07676,Szabolcs-Szatmár-Bereg"
"Gyulaj,30359,Tolna"
"Gyulakeszi,09520,Veszprém"
"Gyúró,15918,Fejér"
"Gyügye,19558,Szabolcs-Szatmár-Bereg"
"Gyüre,33774,Szabolcs-Szatmár-Bereg"
"Gyűrűs,12539,Zala"
"Hács,18634,Somogy"
"Hagyárosbörönd,10931,Zala"
"Hahót,10269,Zala"
"Hajdúbagos,26170,Hajdú-Bihar"
"Hajdúböszörmény,03045,Hajdú-Bihar"
"Hajdúdorog,12803,Hajdú-Bihar"
"Hajdúhadház,10393,Hajdú-Bihar"
"Hajdúnánás,22406,Hajdú-Bihar"
"Hajdúsámson,31097,Hajdú-Bihar"
"Hajdúszoboszló,05175,Hajdú-Bihar"
"Hajdúszovát,17473,Hajdú-Bihar"
"Hajmás,25830,Somogy"
"Hajmáskér,15361,Veszprém"
"Hajós,18759,Bács-Kiskun"
"Halastó,29452,Vas"
"Halászi,26790,Győr-Moson-Sopron"
"Halásztelek,09690,Pest"
"Halimba,07898,Veszprém"
"Halmaj,27942,Borsod-Abaúj-Zemplén"
"Halmajugra,11411,Heves"
"Halogy,10676,Vas"
"Hangács,11226,Borsod-Abaúj-Zemplén"
"Hangony,25104,Borsod-Abaúj-Zemplén"
"Hantos,23427,Fejér"
"Harasztifalu,05713,Vas"
"Harc,14164,Tolna"
"Harka,07649,Győr-Moson-Sopron"
"Harkakötöny,08350,Bács-Kiskun"
"Harkány,21528,Baranya"
"Háromfa,08837,Somogy"
"Háromhuta,12706,Borsod-Abaúj-Zemplén"
"Harsány,05847,Borsod-Abaúj-Zemplén"
"Hárskút,25566,Veszprém"
"Harta,18458,Bács-Kiskun"
"Hásságy,27881,Baranya"
"Hatvan,22309,Heves"
"Hédervár,12308,Győr-Moson-Sopron"
"Hedrehely,16726,Somogy"
"Hegyesd,02422,Veszprém"
"Hegyeshalom,17905,Győr-Moson-Sopron"
"Hegyfalu,32188,Vas"
"Hegyháthodász,14997,Vas"
"Hegyhátmaróc,30951,Baranya"
"Hegyhátsál,30216,Vas"
"Hegyhátszentjakab,18032,Vas"
"Hegyhátszentmárton,21838,Vas"
"Hegyhátszentpéter,08226,Vas"
"Hegykő,18403,Győr-Moson-Sopron"
"Hegymagas,25803,Veszprém"
"Hegymeg,02468,Borsod-Abaúj-Zemplén"
"Hegyszentmárton,21023,Baranya"
"Héhalom,03993,Nógrád"
"Hejce,22187,Borsod-Abaúj-Zemplén"
"Hejőbába,06655,Borsod-Abaúj-Zemplén"
"Hejőkeresztúr,04604,Borsod-Abaúj-Zemplén"
"Hejőkürt,02282,Borsod-Abaúj-Zemplén"
"Hejőpapi,16780,Borsod-Abaúj-Zemplén"
"Hejőszalonta,12159,Borsod-Abaúj-Zemplén"
"Helesfa,17190,Baranya"
"Helvécia,04093,Bács-Kiskun"
"Hencida,29391,Hajdú-Bihar"
"Hencse,09946,Somogy"
"Herceghalom,33552,Pest"
"Hercegkút,30137,Borsod-Abaúj-Zemplén"
"Hercegszántó,12937,Bács-Kiskun"
"Heréd,20242,Heves"
"Héreg,11891,Komárom-Esztergom"
"Herencsény,05324,Nógrád"
"Herend,23658,Veszprém"
"Heresznye,24846,Somogy"
"Hermánszeg,12061,Szabolcs-Szatmár-Bereg"
"Hernád,09849,Pest"
"Hernádbűd,15839,Borsod-Abaúj-Zemplén"
"Hernádcéce,09399,Borsod-Abaúj-Zemplén"
"Hernádkak,24165,Borsod-Abaúj-Zemplén"
"Hernádkércs,21829,Borsod-Abaúj-Zemplén"
"Hernádnémeti,31200,Borsod-Abaúj-Zemplén"
"Hernádpetri,24882,Borsod-Abaúj-Zemplén"
"Hernádszentandrás,17136,Borsod-Abaúj-Zemplén"
"Hernádszurdok,24970,Borsod-Abaúj-Zemplén"
"Hernádvécse,19840,Borsod-Abaúj-Zemplén"
"Hernyék,19895,Zala"
"Hét,08004,Borsod-Abaúj-Zemplén"
"Hetefejércse,05616,Szabolcs-Szatmár-Bereg"
"Hetes,09928,Somogy"
"Hetvehely,07126,Baranya"
"Hetyefő,15088,Veszprém"
"Heves,14526,Heves"
"Hevesaranyos,10241,Heves"
"Hevesvezekény,04084,Heves"
"Hévíz,03814,Zala"
"Hévízgyörk,13949,Pest"
"Hidas,06798,Baranya"
"Hidasnémeti,11697,Borsod-Abaúj-Zemplén"
"Hidegkút,20756,Veszprém"
"Hidegség,23375,Győr-Moson-Sopron"
"Hidvégardó,25672,Borsod-Abaúj-Zemplén"
"Himesháza,27933,Baranya"
"Himod,04020,Győr-Moson-Sopron"
"Hirics,03285,Baranya"
"Hobol,33932,Baranya"
"Hodász,13019,Szabolcs-Szatmár-Bereg"
"Hódmezővásárhely,08314,Csongrád-Csanád"
"Hollád,06211,Somogy"
"Hollóháza,31167,Borsod-Abaúj-Zemplén"
"Hollókő,33242,Nógrád"
"Homokbödöge,27818,Veszprém"
"Homokkomárom,24873,Zala"
"Homokmégy,27845,Bács-Kiskun"
"Homokszentgyörgy,19150,Somogy"
"Homorúd,29966,Baranya"
"Homrogd,21236,Borsod-Abaúj-Zemplén"
"Hont,13204,Nógrád"
"Horpács,13718,Nógrád"
"Hort,04145,Heves"
"Hortobágy,04118,Hajdú-Bihar"
"Horváthertelend,23074,Baranya"
"Horvátlövő,12733,Vas"
"Horvátzsidány,16887,Vas"
"Hosszúhetény,30836,Baranya"
"Hosszúpályi,06266,Hajdú-Bihar"
"Hosszúpereszteg,20880,Vas"
"Hosszúvíz,30775,Somogy"
"Hosszúvölgy,11208,Zala"
"Hosztót,07250,Veszprém"
"Hottó,28325,Zala"
"Hőgyész,26055,Tolna"
"Hövej,10029,Győr-Moson-Sopron"
"Hugyag,16878,Nógrád"
"Hunya,33297,Békés"
"Hunyadfalva,34050,Jász-Nagykun-Szolnok"
"Husztót,31431,Baranya"
"Ibafa,33066,Baranya"
"Iborfia,03188,Zala"
"Ibrány,25636,Szabolcs-Szatmár-Bereg"
"Igal,11192,Somogy"
"Igar,17738,Fejér"
"Igrici,25399,Borsod-Abaúj-Zemplén"
"Iharos,19619,Somogy"
"Iharosberény,27784,Somogy"
"Ikervár,11387,Vas"
"Iklad,03300,Pest"
"Iklanberény,29504,Vas"
"Iklódbördőce,13921,Zala"
"Ikrény,20604,Győr-Moson-Sopron"
"Iliny,26833,Nógrád"
"Ilk,09654,Szabolcs-Szatmár-Bereg"
"Illocska,31936,Baranya"
"Imola,16577,Borsod-Abaúj-Zemplén"
"Imrehegy,08095,Bács-Kiskun"
"Ináncs,08086,Borsod-Abaúj-Zemplén"
"Inárcs,32106,Pest"
"Inke,26301,Somogy"
"Ipacsfa,29948,Baranya"
"Ipolydamásd,28097,Pest"
"Ipolyszög,01508,Nógrád"
"Ipolytarnóc,03328,Nógrád"
"Ipolytölgyes,04978,Pest"
"Ipolyvece,29319,Nógrád"
"Iregszemcse,04701,Tolna"
"Irota,05005,Borsod-Abaúj-Zemplén"
"Isaszeg,07807,Pest"
"Ispánk,07977,Vas"
"Istenmezeje,10074,Heves"
"Istvándi,21333,Somogy"
"Iszkaszentgyörgy,32018,Fejér"
"Iszkáz,28015,Veszprém"
"Isztimér,02200,Fejér"
"Ivád,13879,Heves"
"Iván,31635,Győr-Moson-Sopron"
"Ivánbattyán,03337,Baranya"
"Ivánc,31680,Vas"
"Iváncsa,13462,Fejér"
"Ivándárda,03346,Baranya"
"Izmény,27711,Tolna"
"Izsák,21999,Bács-Kiskun"
"Izsófalva,05591,Borsod-Abaúj-Zemplén"
"Jágónak,09326,Tolna"
"Ják,13958,Vas"
"Jakabszállás,17923,Bács-Kiskun"
"Jákfa,06406,Vas"
"Jákfalva,20233,Borsod-Abaúj-Zemplén"
"Jákó,15927,Somogy"
"Jánd,17075,Szabolcs-Szatmár-Bereg"
"Jánkmajtis,07843,Szabolcs-Szatmár-Bereg"
"Jánoshalma,09469,Bács-Kiskun"
"Jánosháza,11679,Vas"
"Jánoshida,22859,Jász-Nagykun-Szolnok"
"Jánossomorja,29221,Győr-Moson-Sopron"
"Járdánháza,26657,Borsod-Abaúj-Zemplén"
"Jármi,17589,Szabolcs-Szatmár-Bereg"
"Jásd,17437,Veszprém"
"Jászágó,22929,Jász-Nagykun-Szolnok"
"Jászalsószentgyörgy,30711,Jász-Nagykun-Szolnok"
"Jászapáti,22202,Jász-Nagykun-Szolnok"
"Jászárokszállás,22105,Jász-Nagykun-Szolnok"
"Jászberény,18209,Jász-Nagykun-Szolnok"
"Jászboldogháza,15811,Jász-Nagykun-Szolnok"
"Jászdózsa,17978,Jász-Nagykun-Szolnok"
"Jászfelsőszentgyörgy,23579,Jász-Nagykun-Szolnok"
"Jászfényszaru,23339,Jász-Nagykun-Szolnok"
"Jászivány,24086,Jász-Nagykun-Szolnok"
"Jászjákóhalma,25186,Jász-Nagykun-Szolnok"
"Jászkarajenő,11004,Pest"
"Jászkisér,22798,Jász-Nagykun-Szolnok"
"Jászladány,21111,Jász-Nagykun-Szolnok"
"Jászszentandrás,13514,Jász-Nagykun-Szolnok"
"Jászszentlászló,08378,Bács-Kiskun"
"Jásztelek,23135,Jász-Nagykun-Szolnok"
"Jéke,13143,Szabolcs-Szatmár-Bereg"
"Jenő,15972,Fejér"
"Jobaháza,06646,Győr-Moson-Sopron"
"Jobbágyi,08712,Nógrád"
"Jósvafő,15680,Borsod-Abaúj-Zemplén"
"Juta,17279,Somogy"
"Kaba,02307,Hajdú-Bihar"
"Kacorlak,22965,Zala"
"Kács,32993,Borsod-Abaúj-Zemplén"
"Kacsóta,04297,Baranya"
"Kadarkút,26453,Somogy"
"Kajárpéc,12113,Győr-Moson-Sopron"
"Kajászó,21342,Fejér"
"Kajdacs,14100,Tolna"
"Kakasd,02033,Tolna"
"Kákics,06415,Baranya"
"Kakucs,32230,Pest"
"Kál,32179,Heves"
"Kalaznó,23791,Tolna"
"Káld,29957,Vas"
"Kálló,08642,Nógrád"
"Kallósd,05537,Zala"
"Kállósemjén,31404,Szabolcs-Szatmár-Bereg"
"Kálmáncsa,06105,Somogy"
"Kálmánháza,27225,Szabolcs-Szatmár-Bereg"
"Kálócfa,21500,Zala"
"Kalocsa,06442,Bács-Kiskun"
"Káloz,16683,Fejér"
"Kám,04640,Vas"
"Kamond,19141,Veszprém"
"Kamut,04279,Békés"
"Kánó,07764,Borsod-Abaúj-Zemplén"
"Kántorjánosi,02671,Szabolcs-Szatmár-Bereg"
"Kány,25742,Borsod-Abaúj-Zemplén"
"Kánya,05272,Somogy"
"Kányavár,04473,Zala"
"Kapolcs,14553,Veszprém"
"Kápolna,15307,Heves"
"Kápolnásnyék,21926,Fejér"
"Kapoly,33394,Somogy"
"Kaposfő,09098,Somogy"
"Kaposgyarmat,28811,Somogy"
"Kaposhomok,25867,Somogy"
"Kaposkeresztúr,12663,Somogy"
"Kaposmérő,18227,Somogy"
"Kapospula,23296,Tolna"
"Kaposújlak,15732,Somogy"
"Kaposvár,20473,Somogy"
"Kaposszekcső,18962,Tolna"
"Kaposszerdahely,06424,Somogy"
"Káptalanfa,14270,Veszprém"
"Káptalantóti,05634,Veszprém"
"Kapuvár,28334,Győr-Moson-Sopron"
"Kára,05351,Somogy"
"Karácsond,05935,Heves"
"Karád,05263,Somogy"
"Karakó,10913,Vas"
"Karakószörcsök,08749,Veszprém"
"Karancsalja,18625,Nógrád"
"Karancsberény,25548,Nógrád"
"Karancskeszi,08855,Nógrád"
"Karancslapujtő,21041,Nógrád"
"Karancsság,26897,Nógrád"
"Kárász,05999,Baranya"
"Karcag,04923,Jász-Nagykun-Szolnok"
"Karcsa,21218,Borsod-Abaúj-Zemplén"
"Kardos,24794,Békés"
"Kardoskút,12177,Békés"
"Karmacs,18041,Zala"
"Károlyháza,34351,Győr-Moson-Sopron"
"Karos,30508,Borsod-Abaúj-Zemplén"
"Kartal,30696,Pest"
"Kásád,17464,Baranya"
"Kaskantyú,30605,Bács-Kiskun"
"Kastélyosdombó,08411,Somogy"
"Kaszaper,22752,Békés"
"Kaszó,34193,Somogy"
"Katádfa,06965,Baranya"
"Katafa,26620,Vas"
"Kátoly,19132,Baranya"
"Katymár,11280,Bács-Kiskun"
"Káva,27827,Pest"
"Kávás,32063,Zala"
"Kazár,28389,Nógrád"
"Kazincbarcika,06691,Borsod-Abaúj-Zemplén"
"Kázsmárk,13374,Borsod-Abaúj-Zemplén"
"Kazsok,26888,Somogy"
"Kecel,19789,Bács-Kiskun"
"Kecskéd,04525,Komárom-Esztergom"
"Kecskemét,26684,Bács-Kiskun"
"Kehidakustány,32902,Zala"
"Kék,28431,Szabolcs-Szatmár-Bereg"
"Kékcse,14359,Szabolcs-Szatmár-Bereg"
"Kéked,15264,Borsod-Abaúj-Zemplén"
"Kékesd,16805,Baranya"
"Kékkút,26037,Veszprém"
"Kelebia,27571,Bács-Kiskun"
"Keléd,32036,Vas"
"Kelemér,12034,Borsod-Abaúj-Zemplén"
"Kéleshalom,18166,Bács-Kiskun"
"Kelevíz,17446,Somogy"
"Kemecse,19992,Szabolcs-Szatmár-Bereg"
"Kemence,22345,Pest"
"Kemendollár,25353,Zala"
"Kemeneshőgyész,19734,Veszprém"
"Kemeneskápolna,16911,Vas"
"Kemenesmagasi,12247,Vas"
"Kemenesmihályfa,13426,Vas"
"Kemenespálfa,20996,Vas"
"Kemenessömjén,24484,Vas"
"Kemenesszentmárton,20084,Vas"
"Kemenesszentpéter,12478,Veszprém"
"Keménfa,06071,Zala"
"Kémes,10542,Baranya"
"Kemestaródfa,22716,Vas"
"Kemse,06789,Baranya"
"Kenderes,17145,Jász-Nagykun-Szolnok"
"Kenéz,02574,Vas"
"Kenézlő,05458,Borsod-Abaúj-Zemplén"
"Kengyel,07418,Jász-Nagykun-Szolnok"
"Kenyeri,09937,Vas"
"Kercaszomor,26596,Vas"
"Kercseliget,14386,Somogy"
"Kerecsend,28079,Heves"
"Kerecseny,31529,Zala"
"Kerekegyháza,22530,Bács-Kiskun"
"Kerekharaszt,34379,Heves"
"Kereki,04598,Somogy"
"Kerékteleki,10995,Komárom-Esztergom"
"Kerepes,34166,Pest"
"Keresztéte,17066,Borsod-Abaúj-Zemplén"
"Kerkabarabás,29489,Zala"
"Kerkafalva,15112,Zala"
"Kerkakutas,22080,Zala"
"Kerkáskápolna,19761,Vas"
"Kerkaszentkirály,09575,Zala"
"Kerkateskánd,32647,Zala"
"Kérsemjén,32869,Szabolcs-Szatmár-Bereg"
"Kerta,25654,Veszprém"
"Kertészsziget,12618,Békés"
"Keszeg,31413,Nógrád"
"Kesznyéten,29249,Borsod-Abaúj-Zemplén"
"Keszőhidegkút,17640,Tolna"
"Keszthely,18421,Zala"
"Kesztölc,29577,Komárom-Esztergom"
"Keszü,03832,Baranya"
"Kétbodony,11846,Nógrád"
"Kétegyháza,03461,Békés"
"Kéthely,11174,Somogy"
"Kétpó,19813,Jász-Nagykun-Szolnok"
"Kétsoprony,03106,Békés"
"Kétújfalu,08572,Baranya"
"Kétvölgy,19345,Vas"
"Kéty,21731,Tolna"
"Kevermes,31574,Békés"
"Kilimán,32267,Zala"
"Kimle,14748,Győr-Moson-Sopron"
"Kincsesbánya,02343,Fejér"
"Királd,32090,Borsod-Abaúj-Zemplén"
"Királyegyháza,20552,Baranya"
"Királyhegyes,13666,Csongrád-Csanád"
"Királyszentistván,05421,Veszprém"
"Kisapáti,07931,Veszprém"
"Kisapostag,12636,Fejér"
"Kisar,19424,Szabolcs-Szatmár-Bereg"
"Kisasszond,19053,Somogy"
"Kisasszonyfa,18908,Baranya"
"Kisbabot,02413,Győr-Moson-Sopron"
"Kisbágyon,27243,Nógrád"
"Kisbajcs,22886,Győr-Moson-Sopron"
"Kisbajom,24387,Somogy"
"Kisbárapáti,24493,Somogy"
"Kisbárkány,26295,Nógrád"
"Kisbér,17330,Komárom-Esztergom"
"Kisberény,30827,Somogy"
"Kisberzseny,29072,Veszprém"
"Kisbeszterce,05722,Baranya"
"Kisbodak,07816,Győr-Moson-Sopron"
"Kisbucsa,21379,Zala"
"Kisbudmér,22868,Baranya"
"Kiscsécs,17349,Borsod-Abaúj-Zemplén"
"Kiscsehi,16249,Zala"
"Kiscsősz,23700,Veszprém"
"Kisdér,11183,Baranya"
"Kisdobsza,33905,Baranya"
"Kisdombegyház,18838,Békés"
"Kisdorog,17710,Tolna"
"Kisecset,33206,Nógrád"
"Kisfalud,33695,Győr-Moson-Sopron"
"Kisfüzes,22460,Heves"
"Kisgörbő,09812,Zala"
"Kisgyalán,04826,Somogy"
"Kisgyőr,22840,Borsod-Abaúj-Zemplén"
"Kishajmás,06831,Baranya"
"Kisharsány,27021,Baranya"
"Kishartyán,33400,Nógrád"
"Kisherend,16975,Baranya"
"Kishódos,08509,Szabolcs-Szatmár-Bereg"
"Kishuta,28875,Borsod-Abaúj-Zemplén"
"Kisigmánd,20923,Komárom-Esztergom"
"Kisjakabfalva,12849,Baranya"
"Kiskassa,19910,Baranya"
"Kiskinizs,03762,Borsod-Abaúj-Zemplén"
"Kiskorpád,13781,Somogy"
"Kisköre,18281,Heves"
"Kiskőrös,09344,Bács-Kiskun"
"Kiskunfélegyháza,20297,Bács-Kiskun"
"Kiskunhalas,32434,Bács-Kiskun"
"Kiskunlacháza,10816,Pest"
"Kiskunmajsa,24396,Bács-Kiskun"
"Kiskutas,20312,Zala"
"Kisláng,28990,Fejér"
"Kisléta,28477,Szabolcs-Szatmár-Bereg"
"Kislippó,21616,Baranya"
"Kislőd,30173,Veszprém"
"Kismányok,06512,Tolna"
"Kismarja,15477,Hajdú-Bihar"
"Kismaros,33738,Pest"
"Kisnamény,16036,Szabolcs-Szatmár-Bereg"
"Kisnána,12502,Heves"
"Kisnémedi,05227,Pest"
"Kisnyárád,33215,Baranya"
"Kisoroszi,29850,Pest"
"Kispalád,29300,Szabolcs-Szatmár-Bereg"
"Kispáli,16081,Zala"
"Kispirit,04288,Veszprém"
"Kisrákos,11147,Vas"
"Kisrécse,32726,Zala"
"Kisrozvágy,11448,Borsod-Abaúj-Zemplén"
"Kissikátor,14702,Borsod-Abaúj-Zemplén"
"Kissomlyó,05953,Vas"
"Kistamási,12353,Baranya"
"Kistapolca,03151,Baranya"
"Kistarcsa,34157,Pest"
"Kistelek,31024,Csongrád-Csanád"
"Kistokaj,12399,Borsod-Abaúj-Zemplén"
"Kistolmács,20941,Zala"
"Kistormás,03869,Tolna"
"Kistótfalu,10746,Baranya"
"Kisújszállás,25919,Jász-Nagykun-Szolnok"
"Kisunyom,02501,Vas"
"Kisvárda,09265,Szabolcs-Szatmár-Bereg"
"Kisvarsány,12672,Szabolcs-Szatmár-Bereg"
"Kisvásárhely,16364,Zala"
"Kisvaszar,09548,Baranya"
"Kisvejke,31185,Tolna"
"Kiszombor,26666,Csongrád-Csanád"
"Kiszsidány,15486,Vas"
"Kisszállás,28158,Bács-Kiskun"
"Kisszékely,27766,Tolna"
"Kisszekeres,09751,Szabolcs-Szatmár-Bereg"
"Kisszentmárton,08651,Baranya"
"Kissziget,13055,Zala"
"Kisszőlős,23001,Veszprém"
"Klárafalva,08253,Csongrád-Csanád"
"Kocs,02510,Komárom-Esztergom"
"Kocsér,32771,Pest"
"Kocsola,22433,Tolna"
"Kocsord,07445,Szabolcs-Szatmár-Bereg"
"Kóka,31361,Pest"
"Kokad,17455,Hajdú-Bihar"
"Kolontár,30182,Veszprém"
"Komádi,02167,Hajdú-Bihar"
"Komárom,05449,Komárom-Esztergom"
"Komjáti,10612,Borsod-Abaúj-Zemplén"
"Komló,26408,Baranya"
"Komlódtótfalu,22336,Szabolcs-Szatmár-Bereg"
"Komlósd,09858,Somogy"
"Komlóska,16559,Borsod-Abaúj-Zemplén"
"Komoró,27146,Szabolcs-Szatmár-Bereg"
"Kompolt,23995,Heves"
"Kondó,32498,Borsod-Abaúj-Zemplén"
"Kondorfa,13028,Vas"
"Kondoros,10287,Békés"
"Kóny,11262,Győr-Moson-Sopron"
"Konyár,25964,Hajdú-Bihar"
"Kópháza,06895,Győr-Moson-Sopron"
"Koppányszántó,21184,Tolna"
"Korlát,22956,Borsod-Abaúj-Zemplén"
"Koroncó,24633,Győr-Moson-Sopron"
"Kórós,08110,Baranya"
"Kosd,27687,Pest"
"Kóspallag,24679,Pest"
"Kótaj,23728,Szabolcs-Szatmár-Bereg"
"Kovácshida,24226,Baranya"
"Kovácsszénája,14517,Baranya"
"Kovácsvágás,28547,Borsod-Abaúj-Zemplén"
"Kozárd,13842,Nógrád"
"Kozármisleny,06336,Baranya"
"Kozmadombja,13082,Zala"
"Köblény,25247,Baranya"
"Köcsk,04190,Vas"
"Kökény,03540,Baranya"
"Kőkút,13745,Somogy"
"Kölcse,16665,Szabolcs-Szatmár-Bereg"
"Kölesd,10463,Tolna"
"Kölked,17899,Baranya"
"Kömlő,14535,Heves"
"Kömlőd,07630,Komárom-Esztergom"
"Kömörő,23612,Szabolcs-Szatmár-Bereg"
"Kömpöc,13806,Bács-Kiskun"
"Körmend,13532,Vas"
"Környe,30553,Komárom-Esztergom"
"Köröm,26602,Borsod-Abaúj-Zemplén"
"Kőröshegy,15510,Somogy"
"Körösladány,11615,Békés"
"Körösnagyharsány,10764,Békés"
"Köröstarcsa,12900,Békés"
"Kőröstetétlen,32975,Pest"
"Körösújfalu,30164,Békés"
"Körösszakál,31130,Hajdú-Bihar"
"Körösszegapáti,08943,Hajdú-Bihar"
"Kőszárhegy,30650,Fejér"
"Kőszeg,16832,Vas"
"Kőszegdoroszló,05740,Vas"
"Kőszegpaty,26046,Vas"
"Kőszegszerdahely,20109,Vas"
"Kötcse,18148,Somogy"
"Kötegyán,06804,Békés"
"Kőtelek,11235,Jász-Nagykun-Szolnok"
"Kővágóörs,23454,Veszprém"
"Kővágószőlős,15538,Baranya"
"Kővágótöttös,06992,Baranya"
"Kövegy,09955,Csongrád-Csanád"
"Köveskál,25858,Veszprém"
"Krasznokvajda,19576,Borsod-Abaúj-Zemplén"
"Kulcs,34209,Fejér"
"Kunadacs,05856,Bács-Kiskun"
"Kunágota,16045,Békés"
"Kunbaja,06044,Bács-Kiskun"
"Kunbaracs,07728,Bács-Kiskun"
"Kuncsorba,05254,Jász-Nagykun-Szolnok"
"Kunfehértó,29027,Bács-Kiskun"
"Kunhegyes,22567,Jász-Nagykun-Szolnok"
"Kunmadaras,23171,Jász-Nagykun-Szolnok"
"Kunpeszér,31918,Bács-Kiskun"
"Kunszállás,31893,Bács-Kiskun"
"Kunszentmárton,32504,Jász-Nagykun-Szolnok"
"Kunszentmiklós,28130,Bács-Kiskun"
"Kunsziget,31626,Győr-Moson-Sopron"
"Kup,26541,Veszprém"
"Kupa,18722,Borsod-Abaúj-Zemplén"
"Kurd,20507,Tolna"
"Kurityán,11819,Borsod-Abaúj-Zemplén"
"Kustánszeg,19479,Zala"
"Kutas,28857,Somogy"
"Kutasó,19451,Nógrád"
"Kübekháza,14410,Csongrád-Csanád"
"Külsősárd,32221,Zala"
"Külsővat,16142,Veszprém"
"Küngös,04066,Veszprém"
"Lábatlan,15255,Komárom-Esztergom"
"Lábod,28291,Somogy"
"Lácacséke,20844,Borsod-Abaúj-Zemplén"
"Lad,16258,Somogy"
"Ladánybene,05786,Bács-Kiskun"
"Ládbesenyő,26231,Borsod-Abaúj-Zemplén"
"Lajoskomárom,07506,Fejér"
"Lajosmizse,17677,Bács-Kiskun"
"Lak,15857,Borsod-Abaúj-Zemplén"
"Lakhegy,33792,Zala"
"Lakitelek,06202,Bács-Kiskun"
"Lakócsa,11040,Somogy"
"Lánycsók,33330,Baranya"
"Lápafő,14605,Tolna"
"Lapáncsa,06479,Baranya"
"Laskod,21290,Szabolcs-Szatmár-Bereg"
"Lasztonya,03434,Zala"
"Látrány,14863,Somogy"
"Lázi,04376,Győr-Moson-Sopron"
"Leányfalu,30809,Pest"
"Leányvár,25487,Komárom-Esztergom"
"Lébény,33668,Győr-Moson-Sopron"
"Legénd,30395,Nógrád"
"Legyesbénye,11660,Borsod-Abaúj-Zemplén"
"Léh,03531,Borsod-Abaúj-Zemplén"
"Lénárddaróc,07038,Borsod-Abaúj-Zemplén"
"Lendvadedes,27483,Zala"
"Lendvajakabfa,11475,Zala"
"Lengyel,24411,Tolna"
"Lengyeltóti,26675,Somogy"
"Lenti,12575,Zala"
"Lepsény,07269,Fejér"
"Lesencefalu,17570,Veszprém"
"Lesenceistvánd,21962,Veszprém"
"Lesencetomaj,17871,Veszprém"
"Létavértes,05768,Hajdú-Bihar"
"Letenye,12122,Zala"
"Letkés,22682,Pest"
"Levél,19239,Győr-Moson-Sopron"
"Levelek,30979,Szabolcs-Szatmár-Bereg"
"Libickozma,32355,Somogy"
"Lickóvadamos,03054,Zala"
"Liget,17604,Baranya"
"Ligetfalva,28200,Zala"
"Lipót,16221,Győr-Moson-Sopron"
"Lippó,22974,Baranya"
"Liptód,10038,Baranya"
"Lispeszentadorján,10889,Zala"
"Liszó,25025,Zala"
"Litér,04552,Veszprém"
"Litka,28219,Borsod-Abaúj-Zemplén"
"Litke,04871,Nógrád"
"Lócs,29081,Vas"
"Lókút,18856,Veszprém"
"Lónya,26091,Szabolcs-Szatmár-Bereg"
"Lórév,09140,Pest"
"Lothárd,31389,Baranya"
"Lovas,05564,Veszprém"
"Lovasberény,19114,Fejér"
"Lovászhetény,24624,Baranya"
"Lovászi,28167,Zala"
"Lovászpatona,05087,Veszprém"
"Lőkösháza,21209,Békés"
"Lőrinci,30401,Heves"
"Lövő,31194,Győr-Moson-Sopron"
"Lövőpetri,07995,Szabolcs-Szatmár-Bereg"
"Lucfalva,20190,Nógrád"
"Ludányhalászi,02778,Nógrád"
"Ludas,15796,Heves"
"Lukácsháza,14021,Vas"
"Lulla,10010,Somogy"
"Lúzsok,18865,Baranya"
"Mád,03902,Borsod-Abaúj-Zemplén"
"Madaras,23357,Bács-Kiskun"
"Madocsa,29337,Tolna"
"Maglóca,26444,Győr-Moson-Sopron"
"Maglód,10922,Pest"
"Mágocs,06813,Baranya"
"Magosliget,29984,Szabolcs-Szatmár-Bereg"
"Magy,16629,Szabolcs-Szatmár-Bereg"
"Magyaralmás,27678,Fejér"
"Magyaratád,10427,Somogy"
"Magyarbánhegyes,27906,Békés"
"Magyarbóly,25177,Baranya"
"Magyarcsanád,05962,Csongrád-Csanád"
"Magyardombegyház,11536,Békés"
"Magyaregregy,29753,Baranya"
"Magyaregres,25371,Somogy"
"Magyarföld,08916,Zala"
"Magyargéc,26967,Nógrád"
"Magyargencs,26374,Veszprém"
"Magyarhertelend,05430,Baranya"
"Magyarhomorog,03683,Hajdú-Bihar"
"Magyarkeresztúr,13912,Győr-Moson-Sopron"
"Magyarkeszi,06017,Tolna"
"Magyarlak,03221,Vas"
"Magyarlukafa,23542,Baranya"
"Magyarmecske,05412,Baranya"
"Magyarnádalja,27289,Vas"
"Magyarnándor,32407,Nógrád"
"Magyarpolány,20437,Veszprém"
"Magyarsarlós,27067,Baranya"
"Magyarszecsőd,17288,Vas"
"Magyarszék,22600,Baranya"
"Magyarszentmiklós,02909,Zala"
"Magyarszerdahely,13064,Zala"
"Magyarszombatfa,25423,Vas"
"Magyartelek,04385,Baranya"
"Majosháza,10755,Pest"
"Majs,27863,Baranya"
"Makád,04394,Pest"
"Makkoshotyka,19600,Borsod-Abaúj-Zemplén"
"Maklár,27696,Heves"
"Makó,07357,Csongrád-Csanád"
"Malomsok,03610,Veszprém"
"Mályi,27395,Borsod-Abaúj-Zemplén"
"Mályinka,14915,Borsod-Abaúj-Zemplén"
"Mánd,02088,Szabolcs-Szatmár-Bereg"
"Mándok,17826,Szabolcs-Szatmár-Bereg"
"Mánfa,33923,Baranya"
"Mány,23490,Fejér"
"Maráza,29920,Baranya"
"Marcalgergelyi,29294,Veszprém"
"Marcali,18500,Somogy"
"Marcaltő,22220,Veszprém"
"Márfa,09450,Baranya"
"Máriahalom,22637,Komárom-Esztergom"
"Máriakálnok,12283,Győr-Moson-Sopron"
"Máriakéménd,14483,Baranya"
"Márianosztra,04570,Pest"
"Máriapócs,19655,Szabolcs-Szatmár-Bereg"
"Markaz,16540,Heves"
"Márkháza,14641,Nógrád"
"Márkó,32212,Veszprém"
"Markóc,16443,Baranya"
"Markotabödöge,06770,Győr-Moson-Sopron"
"Maróc,02103,Zala"
"Marócsa,15219,Baranya"
"Márok,20659,Baranya"
"Márokföld,31981,Zala"
"Márokpapi,33224,Szabolcs-Szatmár-Bereg"
"Maroslele,10515,Csongrád-Csanád"
"Mártély,25733,Csongrád-Csanád"
"Martfű,02626,Jász-Nagykun-Szolnok"
"Martonfa,02228,Baranya"
"Martonvásár,04659,Fejér"
"Martonyi,02024,Borsod-Abaúj-Zemplén"
"Mátészalka,18874,Szabolcs-Szatmár-Bereg"
"Mátételke,27809,Bács-Kiskun"
"Mátraballa,19965,Heves"
"Mátraderecske,14872,Heves"
"Mátramindszent,20075,Nógrád"
"Mátranovák,19372,Nógrád"
"Mátraszele,24332,Nógrád"
"Mátraszentimre,29045,Heves"
"Mátraszőlős,04330,Nógrád"
"Mátraterenye,33525,Nógrád"
"Mátraverebély,30100,Nógrád"
"Mátyásdomb,16948,Fejér"
"Matty,15051,Baranya"
"Mátyus,20668,Szabolcs-Szatmár-Bereg"
"Máza,33756,Baranya"
"Mecseknádasd,13444,Baranya"
"Mecsekpölöske,11402,Baranya"
"Mecsér,27359,Győr-Moson-Sopron"
"Medgyesbodzás,20765,Békés"
"Medgyesegyháza,30128,Békés"
"Medina,30562,Tolna"
"Megyaszó,21768,Borsod-Abaúj-Zemplén"
"Megyehíd,30872,Vas"
"Megyer,04987,Veszprém"
"Meggyeskovácsi,25760,Vas"
"Méhkerék,23931,Békés"
"Méhtelek,29799,Szabolcs-Szatmár-Bereg"
"Mekényes,30492,Baranya"
"Mélykút,16018,Bács-Kiskun"
"Mencshely,27137,Veszprém"
"Mende,03692,Pest"
"Méra,25618,Borsod-Abaúj-Zemplén"
"Merenye,07737,Baranya"
"Mérges,20385,Győr-Moson-Sopron"
"Mérk,07463,Szabolcs-Szatmár-Bereg"
"Mernye,23630,Somogy"
"Mersevát,14809,Vas"
"Mesterháza,31875,Vas"
"Mesteri,15723,Vas"
"Mesterszállás,30234,Jász-Nagykun-Szolnok"
"Meszes,11758,Borsod-Abaúj-Zemplén"
"Meszlen,32832,Vas"
"Mesztegnyő,16106,Somogy"
"Mezőberény,19628,Békés"
"Mezőcsát,13833,Borsod-Abaúj-Zemplén"
"Mezőcsokonya,30854,Somogy"
"Meződ,03470,Baranya"
"Mezőfalva,17552,Fejér"
"Mezőgyán,04206,Békés"
"Mezőhegyes,11873,Békés"
"Mezőhék,26286,Jász-Nagykun-Szolnok"
"Mezőkeresztes,11323,Borsod-Abaúj-Zemplén"
"Mezőkomárom,05689,Fejér"
"Mezőkovácsháza,30322,Békés"
"Mezőkövesd,19433,Borsod-Abaúj-Zemplén"
"Mezőladány,32656,Szabolcs-Szatmár-Bereg"
"Mezőlak,23560,Veszprém"
"Mezőnagymihály,18379,Borsod-Abaúj-Zemplén"
"Mezőnyárád,11749,Borsod-Abaúj-Zemplén"
"Mezőörs,12812,Győr-Moson-Sopron"
"Mezőpeterd,31033,Hajdú-Bihar"
"Mezősas,18847,Hajdú-Bihar"
"Mezőszemere,25089,Heves"
"Mezőszentgyörgy,06576,Fejér"
"Mezőszilas,29036,Fejér"
"Mezőtárkány,31662,Heves"
"Mezőtúr,04260,Jász-Nagykun-Szolnok"
"Mezőzombor,03443,Borsod-Abaúj-Zemplén"
"Miháld,27526,Zala"
"Mihályfa,02130,Zala"
"Mihálygerge,13222,Nógrád"
"Mihályháza,04668,Veszprém"
"Mihályi,21980,Győr-Moson-Sopron"
"Mike,20905,Somogy"
"Mikebuda,24466,Pest"
"Mikekarácsonyfa,22141,Zala"
"Mikepércs,24217,Hajdú-Bihar"
"Miklósi,33376,Somogy"
"Mikófalva,31282,Heves"
"Mikóháza,24253,Borsod-Abaúj-Zemplén"
"Mikosszéplak,30599,Vas"
"Milejszeg,02662,Zala"
"Milota,31750,Szabolcs-Szatmár-Bereg"
"Mindszent,21555,Csongrád-Csanád"
"Mindszentgodisa,16285,Baranya"
"Mindszentkálla,04534,Veszprém"
"Misefa,04756,Zala"
"Miske,30632,Bács-Kiskun"
"Miskolc,30456,Borsod-Abaúj-Zemplén"
"Miszla,02811,Tolna"
"Mocsa,26930,Komárom-Esztergom"
"Mogyoród,17783,Pest"
"Mogyorósbánya,28255,Komárom-Esztergom"
"Mogyoróska,10968,Borsod-Abaúj-Zemplén"
"Moha,25715,Fejér"
"Mohács,23959,Baranya"
"Mohora,27915,Nógrád"
"Molnári,21014,Zala"
"Molnaszecsőd,03294,Vas"
"Molvány,29522,Baranya"
"Monaj,09016,Borsod-Abaúj-Zemplén"
"Monok,07825,Borsod-Abaúj-Zemplén"
"Monor,10551,Pest"
"Monorierdő,34397,Pest"
"Mónosbél,31565,Heves"
"Monostorapáti,24040,Veszprém"
"Monostorpályi,25894,Hajdú-Bihar"
"Monoszló,22512,Veszprém"
"Monyoród,16027,Baranya"
"Mór,18485,Fejér"
"Mórágy,20701,Tolna"
"Mórahalom,04349,Csongrád-Csanád"
"Móricgát,34096,Bács-Kiskun"
"Mórichida,02556,Győr-Moson-Sopron"
"Mosdós,31343,Somogy"
"Mosonmagyaróvár,04783,Győr-Moson-Sopron"
"Mosonszentmiklós,33677,Győr-Moson-Sopron"
"Mosonszolnok,28149,Győr-Moson-Sopron"
"Mosonudvar,34412,Győr-Moson-Sopron"
"Mozsgó,29540,Baranya"
"Mőcsény,33349,Tolna"
"Mucsfa,13620,Tolna"
"Mucsi,07029,Tolna"
"Múcsony,21546,Borsod-Abaúj-Zemplén"
"Muhi,02158,Borsod-Abaúj-Zemplén"
"Murakeresztúr,25210,Zala"
"Murarátka,07968,Zala"
"Muraszemenye,33987,Zala"
"Murga,18917,Tolna"
"Murony,11989,Békés"
"Nábrád,19211,Szabolcs-Szatmár-Bereg"
"Nadap,27599,Fejér"
"Nádasd,06716,Vas"
"Nádasdladány,13903,Fejér"
"Nádudvar,28103,Hajdú-Bihar"
"Nágocs,15909,Somogy"
"Nagyacsád,23551,Veszprém"
"Nagyalásony,27979,Veszprém"
"Nagyar,04710,Szabolcs-Szatmár-Bereg"
"Nagyatád,17941,Somogy"
"Nagybajcs,02361,Győr-Moson-Sopron"
"Nagybajom,21652,Somogy"
"Nagybakónak,12760,Zala"
"Nagybánhegyes,26028,Békés"
"Nagybaracska,25955,Bács-Kiskun"
"Nagybarca,29188,Borsod-Abaúj-Zemplén"
"Nagybárkány,16391,Nógrád"
"Nagyberény,29063,Somogy"
"Nagyberki,21449,Somogy"
"Nagybörzsöny,14775,Pest"
"Nagybudmér,03984,Baranya"
"Nagycenk,02495,Győr-Moson-Sopron"
"Nagycsány,18111,Baranya"
"Nagycsécs,05582,Borsod-Abaúj-Zemplén"
"Nagycsepely,20598,Somogy"
"Nagycserkesz,22743,Szabolcs-Szatmár-Bereg"
"Nagydém,10001,Veszprém"
"Nagydobos,21485,Szabolcs-Szatmár-Bereg"
"Nagydobsza,33899,Baranya"
"Nagydorog,18388,Tolna"
"Nagyecsed,06488,Szabolcs-Szatmár-Bereg"
"Nagyér,20914,Csongrád-Csanád"
"Nagyesztergár,23180,Veszprém"
"Nagyfüged,26879,Heves"
"Nagygeresd,09283,Vas"
"Nagygörbő,05218,Zala"
"Nagygyimót,08262,Veszprém"
"Nagyhajmás,12858,Baranya"
"Nagyhalász,27155,Szabolcs-Szatmár-Bereg"
"Nagyharsány,02653,Baranya"
"Nagyhegyes,09478,Hajdú-Bihar"
"Nagyhódos,26976,Szabolcs-Szatmár-Bereg"
"Nagyhuta,15468,Borsod-Abaúj-Zemplén"
"Nagyigmánd,22372,Komárom-Esztergom"
"Nagyiván,21689,Jász-Nagykun-Szolnok"
"Nagykálló,24785,Szabolcs-Szatmár-Bereg"
"Nagykamarás,04242,Békés"
"Nagykanizsa,30933,Zala"
"Nagykapornak,20589,Zala"
"Nagykarácsony,07001,Fejér"
"Nagykáta,13435,Pest"
"Nagykereki,08907,Hajdú-Bihar"
"Nagykeresztúr,34281,Nógrád"
"Nagykinizs,26505,Borsod-Abaúj-Zemplén"
"Nagykónyi,27182,Tolna"
"Nagykorpád,32805,Somogy"
"Nagykovácsi,09991,Pest"
"Nagykozár,10940,Baranya"
"Nagykökényes,24943,Heves"
"Nagykölked,32920,Vas"
"Nagykőrös,19716,Pest"
"Nagykörű,15574,Jász-Nagykun-Szolnok"
"Nagykutas,22178,Zala"
"Nagylak,12779,Csongrád-Csanád"
"Nagylengyel,04455,Zala"
"Nagylóc,21102,Nógrád"
"Nagylók,32364,Fejér"
"Nagylózs,32939,Győr-Moson-Sopron"
"Nagymágocs,17233,Csongrád-Csanád"
"Nagymányok,14030,Tolna"
"Nagymaros,31732,Pest"
"Nagymizdó,15060,Vas"
"Nagynyárád,14650,Baranya"
"Nagyoroszi,23986,Nógrád"
"Nagypáli,28468,Zala"
"Nagypall,19877,Baranya"
"Nagypeterd,27164,Baranya"
"Nagypirit,21403,Veszprém"
"Nagyrábé,06309,Hajdú-Bihar"
"Nagyrada,16513,Zala"
"Nagyrákos,29869,Vas"
"Nagyrécse,14979,Zala"
"Nagyréde,31486,Heves"
"Nagyrév,06318,Jász-Nagykun-Szolnok"
"Nagyrozvágy,33181,Borsod-Abaúj-Zemplén"
"Nagysáp,27076,Komárom-Esztergom"
"Nagysimonyi,26143,Vas"
"Nagyszakácsi,25520,Somogy"
"Nagyszékely,06761,Tolna"
"Nagyszekeres,27988,Szabolcs-Szatmár-Bereg"
"Nagyszénás,08244,Békés"
"Nagyszentjános,33543,Győr-Moson-Sopron"
"Nagyszokoly,13709,Tolna"
"Nagytálya,27605,Heves"
"Nagytarcsa,23409,Pest"
"Nagytevel,25201,Veszprém"
"Nagytilaj,24837,Vas"
"Nagytótfalu,28927,Baranya"
"Nagytőke,29179,Csongrád-Csanád"
"Nagyút,10418,Heves"
"Nagyvarsány,33783,Szabolcs-Szatmár-Bereg"
"Nagyváty,14191,Baranya"
"Nagyvázsony,19196,Veszprém"
"Nagyvejke,16452,Tolna"
"Nagyveleg,23588,Fejér"
"Nagyvenyim,26134,Fejér"
"Nagyvisnyó,28282,Heves"
"Nak,02796,Tolna"
"Napkor,08420,Szabolcs-Szatmár-Bereg"
"Nárai,17367,Vas"
"Narda,02042,Vas"
"Naszály,20163,Komárom-Esztergom"
"Négyes,24156,Borsod-Abaúj-Zemplén"
"Nekézseny,28033,Borsod-Abaúj-Zemplén"
"Nemesapáti,06169,Zala"
"Nemesbikk,05245,Borsod-Abaúj-Zemplén"
"Nemesborzova,27119,Szabolcs-Szatmár-Bereg"
"Nemesbőd,24509,Vas"
"Nemesbük,32948,Zala"
"Nemescsó,23320,Vas"
"Nemesdéd,07913,Somogy"
"Nemesgörzsöny,05652,Veszprém"
"Nemesgulács,02787,Veszprém"
"Nemeshany,05555,Veszprém"
"Nemeshetés,07658,Zala"
"Nemeske,18236,Baranya"
"Nemeskér,29328,Győr-Moson-Sopron"
"Nemeskeresztúr,03674,Vas"
"Nemeskisfalud,25511,Somogy"
"Nemeskocs,02839,Vas"
"Nemeskolta,24059,Vas"
"Nemesládony,26240,Vas"
"Nemesmedves,31556,Vas"
"Nemesnádudvar,32540,Bács-Kiskun"
"Nemesnép,32665,Zala"
"Nemespátró,19859,Zala"
"Nemesrádó,18023,Zala"
"Nemesrempehollós,09672,Vas"
"Nemessándorháza,25609,Zala"
"Nemesvámos,02194,Veszprém"
"Nemesvid,17561,Somogy"
"Nemesvita,28422,Veszprém"
"Nemesszalók,21759,Veszprém"
"Nemesszentandrás,08059,Zala"
"Németbánya,10409,Veszprém"
"Németfalu,25414,Zala"
"Németkér,15006,Tolna"
"Nemti,27580,Nógrád"
"Neszmély,33826,Komárom-Esztergom"
"Nézsa,09797,Nógrád"
"Nick,10843,Vas"
"Nikla,10959,Somogy"
"Nógrád,04358,Nógrád"
"Nógrádkövesd,32300,Nógrád"
"Nógrádmarcal,29832,Nógrád"
"Nógrádmegyer,12131,Nógrád"
"Nógrádsáp,08387,Nógrád"
"Nógrádsipek,19497,Nógrád"
"Nógrádszakál,27340,Nógrád"
"Nóráp,26523,Veszprém"
"Noszlop,14757,Veszprém"
"Noszvaj,18810,Heves"
"Nova,03355,Zala"
"Novaj,29276,Heves"
"Novajidrány,27191,Borsod-Abaúj-Zemplén"
"Nőtincs,29425,Nógrád"
"Nyalka,19752,Győr-Moson-Sopron"
"Nyárád,29009,Veszprém"
"Nyáregyháza,23038,Pest"
"Nyárlőrinc,23056,Bács-Kiskun"
"Nyársapát,20066,Pest"
"Nyékládháza,12885,Borsod-Abaúj-Zemplén"
"Nyergesújfalu,15352,Komárom-Esztergom"
"Nyésta,04419,Borsod-Abaúj-Zemplén"
"Nyim,03203,Somogy"
"Nyírábrány,32294,Hajdú-Bihar"
"Nyíracsád,14003,Hajdú-Bihar"
"Nyirád,24004,Veszprém"
"Nyíradony,06187,Hajdú-Bihar"
"Nyírbátor,14845,Szabolcs-Szatmár-Bereg"
"Nyírbéltek,15802,Szabolcs-Szatmár-Bereg"
"Nyírbogát,31158,Szabolcs-Szatmár-Bereg"
"Nyírbogdány,28802,Szabolcs-Szatmár-Bereg"
"Nyírcsaholy,07904,Szabolcs-Szatmár-Bereg"
"Nyírcsászári,25973,Szabolcs-Szatmár-Bereg"
"Nyírderzs,05041,Szabolcs-Szatmár-Bereg"
"Nyíregyháza,17206,Szabolcs-Szatmár-Bereg"
"Nyírgelse,28440,Szabolcs-Szatmár-Bereg"
"Nyírgyulaj,09238,Szabolcs-Szatmár-Bereg"
"Nyíri,26435,Borsod-Abaúj-Zemplén"
"Nyíribrony,14696,Szabolcs-Szatmár-Bereg"
"Nyírjákó,31477,Szabolcs-Szatmár-Bereg"
"Nyírkarász,18290,Szabolcs-Szatmár-Bereg"
"Nyírkáta,32452,Szabolcs-Szatmár-Bereg"
"Nyírkércs,25928,Szabolcs-Szatmár-Bereg"
"Nyírlövő,11095,Szabolcs-Szatmár-Bereg"
"Nyírlugos,11271,Szabolcs-Szatmár-Bereg"
"Nyírmada,12274,Szabolcs-Szatmár-Bereg"
"Nyírmártonfalva,32382,Hajdú-Bihar"
"Nyírmeggyes,23269,Szabolcs-Szatmár-Bereg"
"Nyírmihálydi,26365,Szabolcs-Szatmár-Bereg"
"Nyírparasznya,10807,Szabolcs-Szatmár-Bereg"
"Nyírpazony,33145,Szabolcs-Szatmár-Bereg"
"Nyírpilis,03878,Szabolcs-Szatmár-Bereg"
"Nyírtass,28060,Szabolcs-Szatmár-Bereg"
"Nyírtelek,13550,Szabolcs-Szatmár-Bereg"
"Nyírtét,09256,Szabolcs-Szatmár-Bereg"
"Nyírtura,12098,Szabolcs-Szatmár-Bereg"
"Nyírvasvári,16522,Szabolcs-Szatmár-Bereg"
"Nyomár,04215,Borsod-Abaúj-Zemplén"
"Nyőgér,22318,Vas"
"Nyugotszenterzsébet,26329,Baranya"
"Nyúl,12955,Győr-Moson-Sopron"
"Óbánya,12645,Baranya"
"Óbarok,34306,Fejér"
"Óbudavár,23913,Veszprém"
"Ócsa,04075,Pest"
"Ócsárd,03780,Baranya"
"Ófalu,19646,Baranya"
"Ófehértó,22284,Szabolcs-Szatmár-Bereg"
"Óföldeák,07755,Csongrád-Csanád"
"Óhíd,27775,Zala"
"Okány,19257,Békés"
"Okorág,20686,Baranya"
"Okorvölgy,08341,Baranya"
"Olasz,18555,Baranya"
"Olaszfa,19743,Vas"
"Olaszfalu,26514,Veszprém"
"Olaszliszka,31778,Borsod-Abaúj-Zemplén"
"Olcsva,11129,Szabolcs-Szatmár-Bereg"
"Olcsvaapáti,10834,Szabolcs-Szatmár-Bereg"
"Old,21704,Baranya"
"Ólmod,22044,Vas"
"Oltárc,25478,Zala"
"Onga,22558,Borsod-Abaúj-Zemplén"
"Ónod,22628,Borsod-Abaúj-Zemplén"
"Ópályi,27924,Szabolcs-Szatmár-Bereg"
"Ópusztaszer,12797,Csongrád-Csanád"
"Orbányosfa,20835,Zala"
"Orci,24536,Somogy"
"Ordacsehi,16823,Somogy"
"Ordas,16276,Bács-Kiskun"
"Orfalu,17093,Vas"
"Orfű,11730,Baranya"
"Orgovány,16939,Bács-Kiskun"
"Ormándlak,22497,Zala"
"Ormosbánya,34069,Borsod-Abaúj-Zemplén"
"Orosháza,23065,Békés"
"Oroszi,16595,Veszprém"
"Oroszlány,30766,Komárom-Esztergom"
"Oroszló,04482,Baranya"
"Orosztony,25052,Zala"
"Ortaháza,04950,Zala"
"Osli,15121,Győr-Moson-Sopron"
"Ostffyasszonyfa,32629,Vas"
"Ostoros,27216,Heves"
"Oszkó,07667,Vas"
"Oszlár,02866,Borsod-Abaúj-Zemplén"
"Osztopán,19770,Somogy"
"Ózd,14492,Borsod-Abaúj-Zemplén"
"Ózdfalu,18661,Baranya"
"Ozmánbük,18953,Zala"
"Ozora,05661,Tolna"
"Öcs,28112,Veszprém"
"Őcsény,08961,Tolna"
"Öcsöd,28006,Jász-Nagykun-Szolnok"
"Ököritófülpös,31769,Szabolcs-Szatmár-Bereg"
"Ölbő,12043,Vas"
"Ömböly,26550,Szabolcs-Szatmár-Bereg"
"Őr,09025,Szabolcs-Szatmár-Bereg"
"Őrbottyán,08545,Pest"
"Öregcsertő,08679,Bács-Kiskun"
"Öreglak,07056,Somogy"
"Őrhalom,03249,Nógrád"
"Őrimagyarósd,13453,Vas"
"Őriszentpéter,10630,Vas"
"Örkény,05281,Pest"
"Örményes,29382,Jász-Nagykun-Szolnok"
"Örménykút,27438,Békés"
"Őrtilos,14012,Somogy"
"Örvényes,10092,Veszprém"
"Ősagárd,19318,Nógrád"
"Ősi,24068,Veszprém"
"Öskü,25450,Veszprém"
"Öttevény,02635,Győr-Moson-Sopron"
"Öttömös,31079,Csongrád-Csanád"
"Ötvöskónyi,32115,Somogy"
"Pácin,15893,Borsod-Abaúj-Zemplén"
"Pacsa,31741,Zala"
"Pácsony,07162,Vas"
"Padár,24776,Zala"
"Páhi,18670,Bács-Kiskun"
"Páka,29160,Zala"
"Pakod,24271,Zala"
"Pákozd,25751,Fejér"
"Paks,04862,Tolna"
"Palé,23764,Baranya"
"Pálfa,09371,Tolna"
"Pálfiszeg,14720,Zala"
"Pálháza,12362,Borsod-Abaúj-Zemplén"
"Páli,19637,Győr-Moson-Sopron"
"Palkonya,07153,Baranya"
"Pálmajor,34041,Somogy"
"Pálmonostora,02705,Bács-Kiskun"
"Pálosvörösmart,34324,Heves"
"Palotabozsok,10135,Baranya"
"Palotás,05883,Nógrád"
"Paloznak,17011,Veszprém"
"Pamlény,12371,Borsod-Abaúj-Zemplén"
"Pamuk,26392,Somogy"
"Pánd,22248,Pest"
"Pankasz,23108,Vas"
"Pannonhalma,24305,Győr-Moson-Sopron"
"Pányok,24730,Borsod-Abaúj-Zemplén"
"Panyola,29559,Szabolcs-Szatmár-Bereg"
"Pap,27748,Szabolcs-Szatmár-Bereg"
"Pápa,31945,Veszprém"
"Pápadereske,19868,Veszprém"
"Pápakovácsi,11855,Veszprém"
"Pápasalamon,21607,Veszprém"
"Pápateszér,31255,Veszprém"
"Papkeszi,07348,Veszprém"
"Pápoc,14067,Vas"
"Papos,32577,Szabolcs-Szatmár-Bereg"
"Páprád,07010,Baranya"
"Parád,07436,Heves"
"Parádsasvár,20215,Heves"
"Parasznya,26745,Borsod-Abaúj-Zemplén"
"Pári,09618,Tolna"
"Paszab,31972,Szabolcs-Szatmár-Bereg"
"Pásztó,07409,Nógrád"
"Pásztori,23481,Győr-Moson-Sopron"
"Pat,29656,Zala"
"Patak,07199,Nógrád"
"Patalom,06141,Somogy"
"Patapoklosi,17792,Baranya"
"Patca,12168,Somogy"
"Pátka,28848,Fejér"
"Patosfa,15592,Somogy"
"Pátroha,12186,Szabolcs-Szatmár-Bereg"
"Patvarc,33880,Nógrád"
"Páty,15024,Pest"
"Pátyod,23685,Szabolcs-Szatmár-Bereg"
"Pázmánd,21786,Fejér"
"Pázmándfalu,12715,Győr-Moson-Sopron"
"Pécel,04057,Pest"
"Pecöl,14988,Vas"
"Pécs,19415,Baranya"
"Pécsbagota,21519,Baranya"
"Pécsdevecser,15389,Baranya"
"Pécsely,22451,Veszprém"
"Pécsudvard,21096,Baranya"
"Pécsvárad,10825,Baranya"
"Pellérd,16115,Baranya"
"Pély,19567,Heves"
"Penc,18689,Pest"
"Penészlek,17084,Szabolcs-Szatmár-Bereg"
"Pénzesgyőr,15547,Veszprém"
"Penyige,32692,Szabolcs-Szatmár-Bereg"
"Pér,15529,Győr-Moson-Sopron"
"Perbál,28185,Pest"
"Pere,24420,Borsod-Abaúj-Zemplén"
"Perecse,32683,Borsod-Abaúj-Zemplén"
"Pereked,12867,Baranya"
"Perenye,13684,Vas"
"Peresznye,08882,Vas"
"Pereszteg,23773,Győr-Moson-Sopron"
"Perkáta,19354,Fejér"
"Perkupa,33419,Borsod-Abaúj-Zemplén"
"Perőcsény,04181,Pest"
"Peterd,32425,Baranya"
"Péterhida,29197,Somogy"
"Péteri,21847,Pest"
"Pétervására,12070,Heves"
"Pétfürdő,34254,Veszprém"
"Pethőhenye,05704,Zala"
"Petneháza,17224,Szabolcs-Szatmár-Bereg"
"Petőfibánya,33686,Heves"
"Petőfiszállás,15431,Bács-Kiskun"
"Petőháza,22831,Győr-Moson-Sopron"
"Petőmihályfa,11572,Vas"
"Petrikeresztúr,19178,Zala"
"Petrivente,30757,Zala"
"Pettend,29762,Baranya"
"Piliny,11590,Nógrád"
"Pilis,09821,Pest"
"Pilisborosjenő,29601,Pest"
"Piliscsaba,07144,Pest"
"Piliscsév,21874,Komárom-Esztergom"
"Pilisjászfalu,34148,Pest"
"Pilismarót,14669,Komárom-Esztergom"
"Pilisvörösvár,14340,Pest"
"Pilisszántó,05290,Pest"
"Pilisszentiván,11396,Pest"
"Pilisszentkereszt,18731,Pest"
"Pilisszentlászló,08457,Pest"
"Pincehely,19585,Tolna"
"Pinkamindszent,06248,Vas"
"Pinnye,14687,Győr-Moson-Sopron"
"Piricse,03391,Szabolcs-Szatmár-Bereg"
"Pirtó,15398,Bács-Kiskun"
"Piskó,23506,Baranya"
"Pitvaros,06284,Csongrád-Csanád"
"Pócsa,22266,Baranya"
"Pocsaj,11837,Hajdú-Bihar"
"Pócsmegyer,04905,Pest"
"Pócspetri,11244,Szabolcs-Szatmár-Bereg"
"Pogány,17242,Baranya"
"Pogányszentpéter,27553,Somogy"
"Pókaszepetk,21050,Zala"
"Polány,13790,Somogy"
"Polgár,23117,Hajdú-Bihar"
"Polgárdi,17525,Fejér"
"Pomáz,06372,Pest"
"Porcsalma,17215,Szabolcs-Szatmár-Bereg"
"Pornóapáti,20367,Vas"
"Poroszló,22196,Heves"
"Porpác,29896,Vas"
"Porrog,11828,Somogy"
"Porrogszentkirály,13930,Somogy"
"Porrogszentpál,28510,Somogy"
"Pórszombat,16850,Zala"
"Porva,23515,Veszprém"
"Pósfa,15671,Vas"
"Potony,28361,Somogy"
"Potyond,27304,Győr-Moson-Sopron"
"Pölöske,09867,Zala"
"Pölöskefő,31112,Zala"
"Pörböly,33570,Tolna"
"Pördefölde,32513,Zala"
"Pötréte,24660,Zala"
"Prügy,21272,Borsod-Abaúj-Zemplén"
"Pula,11420,Veszprém"
"Pusztaapáti,16920,Zala"
"Pusztaberki,17862,Nógrád"
"Pusztacsalád,31370,Győr-Moson-Sopron"
"Pusztacsó,10311,Vas"
"Pusztadobos,13860,Szabolcs-Szatmár-Bereg"
"Pusztaederics,27465,Zala"
"Pusztafalu,17048,Borsod-Abaúj-Zemplén"
"Pusztaföldvár,05397,Békés"
"Pusztahencse,19938,Tolna"
"Pusztakovácsi,19026,Somogy"
"Pusztamagyaród,06530,Zala"
"Pusztamérges,06354,Csongrád-Csanád"
"Pusztamiske,28972,Veszprém"
"Pusztamonostor,15246,Jász-Nagykun-Szolnok"
"Pusztaottlaka,19594,Békés"
"Pusztaradvány,15413,Borsod-Abaúj-Zemplén"
"Pusztaszabolcs,29018,Fejér"
"Pusztaszemes,23311,Somogy"
"Pusztaszentlászló,26639,Zala"
"Pusztaszer,28592,Csongrád-Csanád"
"Pusztavacs,23083,Pest"
"Pusztavám,17774,Fejér"
"Pusztazámor,15583,Pest"
"Putnok,27410,Borsod-Abaúj-Zemplén"
"Püski,12964,Győr-Moson-Sopron"
"Püspökhatvan,21388,Pest"
"Püspökladány,10162,Hajdú-Bihar"
"Püspökmolnári,07278,Vas"
"Püspökszilágy,04303,Pest"
"Rábacsanak,04792,Győr-Moson-Sopron"
"Rábacsécsény,33701,Győr-Moson-Sopron"
"Rábagyarmat,26736,Vas"
"Rábahídvég,03197,Vas"
"Rábakecöl,14793,Győr-Moson-Sopron"
"Rábapatona,25335,Győr-Moson-Sopron"
"Rábapaty,26073,Vas"
"Rábapordány,24721,Győr-Moson-Sopron"
"Rábasebes,20136,Győr-Moson-Sopron"
"Rábaszentandrás,15273,Győr-Moson-Sopron"
"Rábaszentmihály,33710,Győr-Moson-Sopron"
"Rábaszentmiklós,17297,Győr-Moson-Sopron"
"Rábatamási,15422,Győr-Moson-Sopron"
"Rábatöttös,17996,Vas"
"Rábcakapi,03753,Győr-Moson-Sopron"
"Rácalmás,09900,Fejér"
"Ráckeresztúr,02015,Fejér"
"Ráckeve,17260,Pest"
"Rád,02370,Pest"
"Rádfalva,11518,Baranya"
"Rádóckölked,07551,Vas"
"Radostyán,21193,Borsod-Abaúj-Zemplén"
"Ragály,06053,Borsod-Abaúj-Zemplén"
"Rajka,26587,Győr-Moson-Sopron"
"Rakaca,29717,Borsod-Abaúj-Zemplén"
"Rakacaszend,16133,Borsod-Abaúj-Zemplén"
"Rakamaz,14739,Szabolcs-Szatmár-Bereg"
"Rákóczibánya,34360,Nógrád"
"Rákóczifalva,14207,Jász-Nagykun-Szolnok"
"Rákócziújfalu,12423,Jász-Nagykun-Szolnok"
"Ráksi,30863,Somogy"
"Ramocsa,14298,Zala"
"Ramocsaháza,31857,Szabolcs-Szatmár-Bereg"
"Rápolt,09061,Szabolcs-Szatmár-Bereg"
"Raposka,03948,Veszprém"
"Rásonysápberencs,31909,Borsod-Abaúj-Zemplén"
"Rátka,12469,Borsod-Abaúj-Zemplén"
"Rátót,23861,Vas"
"Ravazd,21801,Győr-Moson-Sopron"
"Recsk,09609,Heves"
"Réde,30012,Komárom-Esztergom"
"Rédics,31592,Zala"
"Regéc,08402,Borsod-Abaúj-Zemplén"
"Regenye,25292,Baranya"
"Regöly,15459,Tolna"
"Rém,26310,Bács-Kiskun"
"Remeteszőlős,34315,Pest"
"Répáshuta,31884,Borsod-Abaúj-Zemplén"
"Répcelak,30881,Vas"
"Répceszemere,14438,Győr-Moson-Sopron"
"Répceszentgyörgy,28626,Vas"
"Répcevis,07746,Győr-Moson-Sopron"
"Resznek,17118,Zala"
"Rétalap,33969,Győr-Moson-Sopron"
"Rétközberencs,21573,Szabolcs-Szatmár-Bereg"
"Rétság,23825,Nógrád"
"Révfülöp,05625,Veszprém"
"Révleányvár,09317,Borsod-Abaúj-Zemplén"
"Rezi,23898,Zala"
"Ricse,19220,Borsod-Abaúj-Zemplén"
"Rigács,25849,Veszprém"
"Rigyác,24138,Zala"
"Rimóc,28884,Nógrád"
"Rinyabesenyő,05078,Somogy"
"Rinyakovácsi,32674,Somogy"
"Rinyaszentkirály,26754,Somogy"
"Rinyaújlak,20622,Somogy"
"Rinyaújnép,20321,Somogy"
"Rohod,24581,Szabolcs-Szatmár-Bereg"
"Románd,17507,Győr-Moson-Sopron"
"Romhány,12195,Nógrád"
"Romonya,24855,Baranya"
"Rózsafa,04516,Baranya"
"Rozsály,17428,Szabolcs-Szatmár-Bereg"
"Rózsaszentmárton,27650,Heves"
"Röjtökmuzsaj,11068,Győr-Moson-Sopron"
"Rönök,26806,Vas"
"Röszke,13161,Csongrád-Csanád"
"Rudabánya,23029,Borsod-Abaúj-Zemplén"
"Rudolftelep,34120,Borsod-Abaúj-Zemplén"
"Rum,10597,Vas"
"Ruzsa,03966,Csongrád-Csanád"
"Ságújfalu,12520,Nógrád"
"Ságvár,14942,Somogy"
"Sajóbábony,03504,Borsod-Abaúj-Zemplén"
"Sajóecseg,27331,Borsod-Abaúj-Zemplén"
"Sajógalgóc,10171,Borsod-Abaúj-Zemplén"
"Sajóhídvég,03081,Borsod-Abaúj-Zemplén"
"Sajóivánka,03212,Borsod-Abaúj-Zemplén"
"Sajókápolna,21670,Borsod-Abaúj-Zemplén"
"Sajókaza,14313,Borsod-Abaúj-Zemplén"
"Sajókeresztúr,26949,Borsod-Abaúj-Zemplén"
"Sajólád,27173,Borsod-Abaúj-Zemplén"
"Sajólászlófalva,22479,Borsod-Abaúj-Zemplén"
"Sajómercse,15945,Borsod-Abaúj-Zemplén"
"Sajónémeti,11332,Borsod-Abaúj-Zemplén"
"Sajóörös,08129,Borsod-Abaúj-Zemplén"
"Sajópálfala,18537,Borsod-Abaúj-Zemplén"
"Sajópetri,16638,Borsod-Abaúj-Zemplén"
"Sajópüspöki,23782,Borsod-Abaúj-Zemplén"
"Sajósenye,08970,Borsod-Abaúj-Zemplén"
"Sajószentpéter,16054,Borsod-Abaúj-Zemplén"
"Sajószöged,30340,Borsod-Abaúj-Zemplén"
"Sajóvámos,20738,Borsod-Abaúj-Zemplén"
"Sajóvelezd,27757,Borsod-Abaúj-Zemplén"
"Sajtoskál,10579,Vas"
"Salföld,30793,Veszprém"
"Salgótarján,25788,Nógrád"
"Salköveskút,18883,Vas"
"Salomvár,27720,Zala"
"Sály,04729,Borsod-Abaúj-Zemplén"
"Sámod,18050,Baranya"
"Sámsonháza,24572,Nógrád"
"Sand,15556,Zala"
"Sándorfalva,31705,Csongrád-Csanád"
"Sántos,31121,Somogy"
"Sáp,26116,Hajdú-Bihar"
"Sáránd,25007,Hajdú-Bihar"
"Sárazsadány,20516,Borsod-Abaúj-Zemplén"
"Sárbogárd,23694,Fejér"
"Sáregres,02723,Fejér"
"Sárfimizdó,09788,Vas"
"Sárhida,08101,Zala"
"Sárisáp,26903,Komárom-Esztergom"
"Sarkad,28565,Békés"
"Sarkadkeresztúr,25168,Békés"
"Sárkeresztes,31802,Fejér"
"Sárkeresztúr,25344,Fejér"
"Sárkeszi,02699,Fejér"
"Sármellék,14906,Zala"
"Sárok,20862,Baranya"
"Sárosd,25140,Fejér"
"Sárospatak,27474,Borsod-Abaúj-Zemplén"
"Sárpilis,04747,Tolna"
"Sárrétudvari,23940,Hajdú-Bihar"
"Sarród,30021,Győr-Moson-Sopron"
"Sárszentágota,31538,Fejér"
"Sárszentlőrinc,20817,Tolna"
"Sárszentmihály,11776,Fejér"
"Sarud,07180,Heves"
"Sárvár,21306,Vas"
"Sásd,32160,Baranya"
"Sáska,13772,Veszprém"
"Sáta,02875,Borsod-Abaúj-Zemplén"
"Sátoraljaújhely,05120,Borsod-Abaúj-Zemplén"
"Sátorhely,33482,Baranya"
"Sávoly,02051,Somogy"
"Sé,10278,Vas"
"Segesd,27368,Somogy"
"Selyeb,25380,Borsod-Abaúj-Zemplén"
"Sellye,28741,Baranya"
"Semjén,23755,Borsod-Abaúj-Zemplén"
"Semjénháza,30997,Zala"
"Sénye,14085,Zala"
"Sényő,04491,Szabolcs-Szatmár-Bereg"
"Seregélyes,20206,Fejér"
"Serényfalva,32531,Borsod-Abaúj-Zemplén"
"Sérsekszőlős,32133,Somogy"
"Sikátor,08606,Győr-Moson-Sopron"
"Siklós,05519,Baranya"
"Siklósbodony,23205,Baranya"
"Siklósnagyfalu,08800,Baranya"
"Sima,23418,Borsod-Abaúj-Zemplén"
"Simaság,26763,Vas"
"Simonfa,32780,Somogy"
"Simontornya,20783,Tolna"
"Sióagárd,25645,Tolna"
"Siófok,17631,Somogy"
"Siójut,23092,Somogy"
"Sirok,08527,Heves"
"Sitke,30748,Vas"
"Sobor,24208,Győr-Moson-Sopron"
"Sokorópátka,12627,Győr-Moson-Sopron"
"Solt,29115,Bács-Kiskun"
"Soltszentimre,18218,Bács-Kiskun"
"Soltvadkert,19983,Bács-Kiskun"
"Sóly,03601,Veszprém"
"Solymár,07384,Pest"
"Som,04127,Somogy"
"Somberek,23472,Baranya"
"Somlójenő,05157,Veszprém"
"Somlószőlős,25779,Veszprém"
"Somlóvásárhely,26569,Veszprém"
"Somlóvecse,14243,Veszprém"
"Somodor,13824,Somogy"
"Somogyacsa,30580,Somogy"
"Somogyapáti,23807,Baranya"
"Somogyaracs,05500,Somogy"
"Somogyaszaló,31219,Somogy"
"Somogybabod,32470,Somogy"
"Somogybükkösd,25043,Somogy"
"Somogycsicsó,11484,Somogy"
"Somogydöröcske,15981,Somogy"
"Somogyegres,20057,Somogy"
"Somogyfajsz,18078,Somogy"
"Somogygeszti,20330,Somogy"
"Somogyhárságy,29142,Baranya"
"Somogyhatvan,25070,Baranya"
"Somogyjád,28963,Somogy"
"Somogymeggyes,12876,Somogy"
"Somogysámson,15626,Somogy"
"Somogysárd,28723,Somogy"
"Somogysimonyi,27535,Somogy"
"Somogyszentpál,06600,Somogy"
"Somogyszil,03416,Somogy"
"Somogyszob,18546,Somogy"
"Somogytúr,32601,Somogy"
"Somogyudvarhely,04853,Somogy"
"Somogyvámos,21856,Somogy"
"Somogyvár,19442,Somogy"
"Somogyviszló,21281,Baranya"
"Somogyzsitfa,04835,Somogy"
"Somoskőújfalu,01526,Nógrád"
"Sonkád,23889,Szabolcs-Szatmár-Bereg"
"Soponya,33321,Fejér"
"Sopron,08518,Győr-Moson-Sopron"
"Sopronhorpács,29090,Győr-Moson-Sopron"
"Sopronkövesd,25724,Győr-Moson-Sopron"
"Sopronnémeti,02617,Győr-Moson-Sopron"
"Sorkifalud,07171,Vas"
"Sorkikápolna,27960,Vas"
"Sormás,06567,Zala"
"Sorokpolány,29692,Vas"
"Sóshartyán,14881,Nógrád"
"Sóskút,06840,Pest"
"Sóstófalva,13268,Borsod-Abaúj-Zemplén"
"Sósvertike,31714,Baranya"
"Sótony,22983,Vas"
"Söjtör,19080,Zala"
"Söpte,24800,Vas"
"Söréd,02893,Fejér"
"Sukoró,14951,Fejér"
"Sumony,02547,Baranya"
"Súr,31990,Komárom-Esztergom"
"Surd,02404,Zala"
"Sükösd,21245,Bács-Kiskun"
"Sülysáp,21713,Pest"
"Sümeg,25593,Veszprém"
"Sümegcsehi,21397,Zala"
"Sümegprága,05388,Veszprém"
"Süttő,08688,Komárom-Esztergom"
"Szabadbattyán,28705,Fejér"
"Szabadegyháza,13259,Fejér"
"Szabadhídvég,18740,Fejér"
"Szabadi,14854,Somogy"
"Szabadkígyós,31325,Békés"
"Szabadszállás,25061,Bács-Kiskun"
"Szabadszentkirály,15079,Baranya"
"Szabás,28574,Somogy"
"Szabolcs,19169,Szabolcs-Szatmár-Bereg"
"Szabolcsbáka,22053,Szabolcs-Szatmár-Bereg"
"Szabolcsveresmart,03586,Szabolcs-Szatmár-Bereg"
"Szada,21458,Pest"
"Szágy,27508,Baranya"
"Szajk,08475,Baranya"
"Szajla,16063,Heves"
"Szajol,05874,Jász-Nagykun-Szolnok"
"Szakácsi,32258,Borsod-Abaúj-Zemplén"
"Szakadát,15316,Tolna"
"Szakáld,03805,Borsod-Abaúj-Zemplén"
"Szakály,04464,Tolna"
"Szakcs,10083,Tolna"
"Szakmár,19530,Bács-Kiskun"
"Szaknyér,16504,Vas"
"Szakoly,04774,Szabolcs-Szatmár-Bereg"
"Szakony,11369,Győr-Moson-Sopron"
"Szakonyfalu,20932,Vas"
"Szákszend,33516,Komárom-Esztergom"
"Szalafő,10223,Vas"
"Szalánta,22257,Baranya"
"Szalapa,20543,Zala"
"Szalaszend,31015,Borsod-Abaúj-Zemplén"
"Szalatnak,09007,Baranya"
"Szálka,14711,Tolna"
"Szalkszentmárton,19947,Bács-Kiskun"
"Szalmatercs,19798,Nógrád"
"Szalonna,16753,Borsod-Abaúj-Zemplén"
"Szamosangyalos,18005,Szabolcs-Szatmár-Bereg"
"Szamosbecs,22017,Szabolcs-Szatmár-Bereg"
"Szamoskér,16300,Szabolcs-Szatmár-Bereg"
"Szamossályi,10436,Szabolcs-Szatmár-Bereg"
"Szamostatárfalva,30085,Szabolcs-Szatmár-Bereg"
"Szamosújlak,31273,Szabolcs-Szatmár-Bereg"
"Szamosszeg,13046,Szabolcs-Szatmár-Bereg"
"Szanda,13754,Nógrád"
"Szank,11794,Bács-Kiskun"
"Szántód,34236,Somogy"
"Szany,08536,Győr-Moson-Sopron"
"Szápár,16489,Veszprém"
"Szaporca,34032,Baranya"
"Szár,19549,Fejér"
"Szárász,07366,Baranya"
"Szárazd,18263,Tolna"
"Szárföld,15714,Győr-Moson-Sopron"
"Szárliget,33491,Komárom-Esztergom"
"Szarvas,23870,Békés"
"Szarvasgede,10199,Nógrád"
"Szarvaskend,17729,Vas"
"Szarvaskő,03382,Heves"
"Szászberek,05777,Jász-Nagykun-Szolnok"
"Szászfa,08147,Borsod-Abaúj-Zemplén"
"Szászvár,33765,Baranya"
"Szatmárcseke,31237,Szabolcs-Szatmár-Bereg"
"Szátok,15325,Nógrád"
"Szatta,02440,Vas"
"Szatymaz,12007,Csongrád-Csanád"
"Szava,31060,Baranya"
"Százhalombatta,17312,Pest"
"Szebény,03018,Baranya"
"Szécsénke,23047,Nógrád"
"Szécsény,06628,Nógrád"
"Szécsényfelfalu,33011,Nógrád"
"Szécsisziget,11554,Zala"
"Szederkény,05607,Baranya"
"Szedres,16814,Tolna"
"Szeged,33367,Csongrád-Csanád"
"Szegerdő,18607,Somogy"
"Szeghalom,21883,Békés"
"Szegi,33817,Borsod-Abaúj-Zemplén"
"Szegilong,31510,Borsod-Abaúj-Zemplén"
"Szegvár,32489,Csongrád-Csanád"
"Székely,31088,Szabolcs-Szatmár-Bereg"
"Székelyszabar,16771,Baranya"
"Székesfehérvár,14827,Fejér"
"Székkutas,12265,Csongrád-Csanád"
"Szekszárd,22761,Tolna"
"Szeleste,33172,Vas"
"Szelevény,20428,Jász-Nagykun-Szolnok"
"Szellő,16984,Baranya"
"Szemely,09308,Baranya"
"Szemenye,27997,Vas"
"Szemere,09830,Borsod-Abaúj-Zemplén"
"Szendehely,04507,Nógrád"
"Szendrő,08077,Borsod-Abaúj-Zemplén"
"Szendrőlád,27456,Borsod-Abaúj-Zemplén"
"Szenna,15103,Somogy"
"Szenta,11509,Somogy"
"Szentantalfa,03568,Veszprém"
"Szentbalázs,25706,Somogy"
"Szentbékkálla,07092,Veszprém"
"Szentborbás,32841,Somogy"
"Szentdénes,32009,Baranya"
"Szentdomonkos,13231,Heves"
"Szente,09043,Nógrád"
"Szentegát,33613,Baranya"
"Szentendre,15440,Pest"
"Szentes,14456,Csongrád-Csanád"
"Szentgál,07922,Veszprém"
"Szentgáloskér,12973,Somogy"
"Szentgotthárd,31583,Vas"
"Szentgyörgyvár,23126,Zala"
"Szentgyörgyvölgy,18652,Zala"
"Szentimrefalva,10065,Veszprém"
"Szentistván,22169,Borsod-Abaúj-Zemplén"
"Szentistvánbaksa,08484,Borsod-Abaúj-Zemplén"
"Szentjakabfa,11545,Veszprém"
"Szentkatalin,09803,Baranya"
"Szentkirály,21120,Bács-Kiskun"
"Szentkirályszabadja,16267,Veszprém"
"Szentkozmadombja,03124,Zala"
"Szentlászló,16355,Baranya"
"Szentliszló,08615,Zala"
"Szentlőrinc,15866,Baranya"
"Szentlőrinckáta,07542,Pest"
"Szentmargitfalva,14225,Zala"
"Szentmártonkáta,28653,Pest"
"Szentpéterfa,21254,Vas"
"Szentpéterfölde,30067,Zala"
"Szentpéterszeg,19099,Hajdú-Bihar"
"Szentpéterúr,11165,Zala"
"Szenyér,30146,Somogy"
"Szepetnek,07700,Zala"
"Szerecseny,03887,Győr-Moson-Sopron"
"Szeremle,28820,Bács-Kiskun"
"Szerencs,30739,Borsod-Abaúj-Zemplén"
"Szerep,33437,Hajdú-Bihar"
"Szergény,27793,Vas"
"Szigetbecse,26259,Pest"
"Szigetcsép,07870,Pest"
"Szigethalom,13277,Pest"
"Szigetmonostor,26213,Pest"
"Szigetszentmárton,15185,Pest"
"Szigetszentmiklós,28954,Pest"
"Szigetújfalu,22114,Pest"
"Szigetvár,26578,Baranya"
"Szigliget,24891,Veszprém"
"Szihalom,11013,Heves"
"Szijártóháza,26161,Zala"
"Szikszó,21351,Borsod-Abaúj-Zemplén"
"Szil,19266,Győr-Moson-Sopron"
"Szilágy,19831,Baranya"
"Szilaspogony,07959,Nógrád"
"Szilsárkány,03364,Győr-Moson-Sopron"
"Szilvágy,17853,Zala"
"Szilvás,24712,Baranya"
"Szilvásvárad,05643,Heves"
"Szilvásszentmárton,32461,Somogy"
"Szin,20871,Borsod-Abaúj-Zemplén"
"Szinpetri,11493,Borsod-Abaúj-Zemplén"
"Szirák,21634,Nógrád"
"Szirmabesenyő,09496,Borsod-Abaúj-Zemplén"
"Szob,24916,Pest"
"Szokolya,06947,Pest"
"Szólád,15194,Somogy"
"Szolnok,27854,Jász-Nagykun-Szolnok"
"Szombathely,03009,Vas"
"Szomód,22619,Komárom-Esztergom"
"Szomolya,18892,Borsod-Abaúj-Zemplén"
"Szomor,21421,Komárom-Esztergom"
"Szorgalmatos,34388,Szabolcs-Szatmár-Bereg"
"Szorosad,05193,Somogy"
"Szőc,16692,Veszprém"
"Szőce,19521,Vas"
"Sződ,12690,Pest"
"Sződliget,28866,Pest"
"Szögliget,16179,Borsod-Abaúj-Zemplén"
"Szőke,22211,Baranya"
"Szőkéd,07694,Baranya"
"Szőkedencs,05810,Somogy"
"Szőlősardó,07889,Borsod-Abaúj-Zemplén"
"Szőlősgyörök,11101,Somogy"
"Szörény,05528,Baranya"
"Szúcs,13523,Heves"
"Szuha,28194,Nógrád"
"Szuhafő,03160,Borsod-Abaúj-Zemplén"
"Szuhakálló,11110,Borsod-Abaúj-Zemplén"
"Szuhogy,24606,Borsod-Abaúj-Zemplén"
"Szulimán,15404,Baranya"
"Szulok,10986,Somogy"
"Szurdokpüspöki,19044,Nógrád"
"Szűcsi,09982,Heves"
"Szügy,18786,Nógrád"
"Szűr,11217,Baranya"
"Tab,08590,Somogy"
"Tabajd,14465,Fejér"
"Tabdi,25432,Bács-Kiskun"
"Táborfalva,08332,Pest"
"Tác,29267,Fejér"
"Tagyon,17039,Veszprém"
"Tahitótfalu,31963,Pest"
"Takácsi,13125,Veszprém"
"Tákos,29911,Szabolcs-Szatmár-Bereg"
"Taksony,30720,Pest"
"Taktabáj,03708,Borsod-Abaúj-Zemplén"
"Taktaharkány,18245,Borsod-Abaúj-Zemplén"
"Taktakenéz,28787,Borsod-Abaúj-Zemplén"
"Taktaszada,03133,Borsod-Abaúj-Zemplén"
"Taliándörögd,17321,Veszprém"
"Tállya,12210,Borsod-Abaúj-Zemplén"
"Tamási,24563,Tolna"
"Tanakajd,16212,Vas"
"Táp,14261,Győr-Moson-Sopron"
"Tápióbicske,15015,Pest"
"Tápiógyörgye,17303,Pest"
"Tápióság,09405,Pest"
"Tápiószecső,31796,Pest"
"Tápiószele,14146,Pest"
"Tápiószentmárton,14571,Pest"
"Tápiószőlős,02769,Pest"
"Táplánszentkereszt,32045,Vas"
"Tapolca,29434,Veszprém"
"Tapsony,24615,Somogy"
"Tápszentmiklós,21971,Győr-Moson-Sopron"
"Tar,32896,Nógrád"
"Tarany,16735,Somogy"
"Tarcal,21740,Borsod-Abaúj-Zemplén"
"Tard,08165,Borsod-Abaúj-Zemplén"
"Tardona,14784,Borsod-Abaúj-Zemplén"
"Tardos,30225,Komárom-Esztergom"
"Tarhos,33075,Békés"
"Tarján,18935,Komárom-Esztergom"
"Tarjánpuszta,33914,Győr-Moson-Sopron"
"Tárkány,20987,Komárom-Esztergom"
"Tarnabod,32966,Heves"
"Tarnalelesz,13240,Heves"
"Tarnaméra,23348,Heves"
"Tarnaörs,14128,Heves"
"Tarnaszentmária,09052,Heves"
"Tarnaszentmiklós,16160,Heves"
"Tarnazsadány,17163,Heves"
"Tárnok,04154,Pest"
"Tárnokréti,04172,Győr-Moson-Sopron"
"Tarpa,04312,Szabolcs-Szatmár-Bereg"
"Tarrós,15635,Baranya"
"Táska,13693,Somogy"
"Tass,20525,Bács-Kiskun"
"Taszár,04932,Somogy"
"Tát,08758,Komárom-Esztergom"
"Tata,20127,Komárom-Esztergom"
"Tatabánya,18157,Komárom-Esztergom"
"Tataháza,14544,Bács-Kiskun"
"Tatárszentgyörgy,27386,Pest"
"Tázlár,24998,Bács-Kiskun"
"Téglás,23214,Hajdú-Bihar"
"Tekenye,24703,Zala"
"Tékes,27702,Baranya"
"Teklafalu,32072,Baranya"
"Telekes,29568,Vas"
"Telekgerendás,12681,Békés"
"Teleki,23968,Somogy"
"Telki,08280,Pest"
"Telkibánya,13763,Borsod-Abaúj-Zemplén"
"Tengelic,06901,Tolna"
"Tengeri,13675,Baranya"
"Tengőd,32416,Somogy"
"Tenk,14076,Heves"
"Tényő,11457,Győr-Moson-Sopron"
"Tépe,31042,Hajdú-Bihar"
"Terem,33358,Szabolcs-Szatmár-Bereg"
"Terény,04844,Nógrád"
"Tereske,24174,Nógrád"
"Teresztenye,28635,Borsod-Abaúj-Zemplén"
"Terpes,12229,Heves"
"Tés,20570,Veszprém"
"Tésa,19248,Pest"
"Tésenfa,32744,Baranya"
"Téseny,20978,Baranya"
"Teskánd,08828,Zala"
"Tét,19035,Győr-Moson-Sopron"
"Tetétlen,19691,Hajdú-Bihar"
"Tevel,31459,Tolna"
"Tibolddaróc,30447,Borsod-Abaúj-Zemplén"
"Tiborszállás,08952,Szabolcs-Szatmár-Bereg"
"Tihany,30465,Veszprém"
"Tikos,17844,Somogy"
"Tilaj,27951,Zala"
"Timár,24475,Szabolcs-Szatmár-Bereg"
"Tinnye,07108,Pest"
"Tiszaadony,09423,Szabolcs-Szatmár-Bereg"
"Tiszaalpár,24545,Bács-Kiskun"
"Tiszabábolna,02291,Borsod-Abaúj-Zemplén"
"Tiszabecs,17817,Szabolcs-Szatmár-Bereg"
"Tiszabercel,03850,Szabolcs-Szatmár-Bereg"
"Tiszabezdéd,20172,Szabolcs-Szatmár-Bereg"
"Tiszabő,10773,Jász-Nagykun-Szolnok"
"Tiszabura,22770,Jász-Nagykun-Szolnok"
"Tiszacsécse,24448,Szabolcs-Szatmár-Bereg"
"Tiszacsege,15644,Hajdú-Bihar"
"Tiszacsermely,29133,Borsod-Abaúj-Zemplén"
"Tiszadada,06433,Szabolcs-Szatmár-Bereg"
"Tiszaderzs,16230,Jász-Nagykun-Szolnok"
"Tiszadob,12593,Szabolcs-Szatmár-Bereg"
"Tiszadorogma,03717,Borsod-Abaúj-Zemplén"
"Tiszaeszlár,09113,Szabolcs-Szatmár-Bereg"
"Tiszaföldvár,13815,Jász-Nagykun-Szolnok"
"Tiszafüred,29726,Jász-Nagykun-Szolnok"
"Tiszagyenda,30304,Jász-Nagykun-Szolnok"
"Tiszagyulaháza,30845,Hajdú-Bihar"
"Tiszaigar,28699,Jász-Nagykun-Szolnok"
"Tiszainoka,20446,Jász-Nagykun-Szolnok"
"Tiszajenő,29346,Jász-Nagykun-Szolnok"
"Tiszakanyár,08554,Szabolcs-Szatmár-Bereg"
"Tiszakarád,13976,Borsod-Abaúj-Zemplén"
"Tiszakécske,30623,Bács-Kiskun"
"Tiszakerecseny,04446,Szabolcs-Szatmár-Bereg"
"Tiszakeszi,13888,Borsod-Abaúj-Zemplén"
"Tiszakóród,08794,Szabolcs-Szatmár-Bereg"
"Tiszakürt,30386,Jász-Nagykun-Szolnok"
"Tiszaladány,19381,Borsod-Abaúj-Zemplén"
"Tiszalök,23524,Szabolcs-Szatmár-Bereg"
"Tiszalúc,28398,Borsod-Abaúj-Zemplén"
"Tiszamogyorós,11907,Szabolcs-Szatmár-Bereg"
"Tiszanagyfalu,27252,Szabolcs-Szatmár-Bereg"
"Tiszanána,07083,Heves"
"Tiszaörs,15787,Jász-Nagykun-Szolnok"
"Tiszapalkonya,08633,Borsod-Abaúj-Zemplén"
"Tiszapüspöki,03373,Jász-Nagykun-Szolnok"
"Tiszarád,10205,Szabolcs-Szatmár-Bereg"
"Tiszaroff,20181,Jász-Nagykun-Szolnok"
"Tiszasas,21494,Jász-Nagykun-Szolnok"
"Tiszasüly,17695,Jász-Nagykun-Szolnok"
"Tiszaszalka,13541,Szabolcs-Szatmár-Bereg"
"Tiszaszentimre,22789,Jász-Nagykun-Szolnok"
"Tiszaszentmárton,27544,Szabolcs-Szatmár-Bereg"
"Tiszasziget,16966,Csongrád-Csanád"
"Tiszaszőlős,07852,Jász-Nagykun-Szolnok"
"Tiszatardos,30298,Borsod-Abaúj-Zemplén"
"Tiszatarján,30377,Borsod-Abaúj-Zemplén"
"Tiszatelek,14447,Szabolcs-Szatmár-Bereg"
"Tiszatenyő,09627,Jász-Nagykun-Szolnok"
"Tiszaug,14094,Bács-Kiskun"
"Tiszaújváros,28352,Borsod-Abaúj-Zemplén"
"Tiszavalk,10977,Borsod-Abaúj-Zemplén"
"Tiszavárkony,31866,Jász-Nagykun-Szolnok"
"Tiszavasvári,07597,Szabolcs-Szatmár-Bereg"
"Tiszavid,33747,Szabolcs-Szatmár-Bereg"
"Tisztaberek,27261,Szabolcs-Szatmár-Bereg"
"Tivadar,20260,Szabolcs-Szatmár-Bereg"
"Tóalmás,21467,Pest"
"Tófalu,09964,Heves"
"Tófej,05342,Zala"
"Tófű,04048,Baranya"
"Tokaj,18306,Borsod-Abaúj-Zemplén"
"Tokod,14155,Komárom-Esztergom"
"Tokodaltáró,34023,Komárom-Esztergom"
"Tokorcs,09229,Vas"
"Tolcsva,28051,Borsod-Abaúj-Zemplén"
"Told,25876,Hajdú-Bihar"
"Tolmács,06381,Nógrád"
"Tolna,25274,Tolna"
"Tolnanémedi,11031,Tolna"
"Tomajmonostora,09557,Jász-Nagykun-Szolnok"
"Tomor,14890,Borsod-Abaúj-Zemplén"
"Tompa,28486,Bács-Kiskun"
"Tompaládony,12335,Vas"
"Tordas,21005,Fejér"
"Tormafölde,04969,Zala"
"Tormás,22424,Baranya"
"Tormásliget,34087,Vas"
"Tornabarakony,16902,Borsod-Abaúj-Zemplén"
"Tornakápolna,10375,Borsod-Abaúj-Zemplén"
"Tornanádaska,18801,Borsod-Abaúj-Zemplén"
"Tornaszentandrás,27836,Borsod-Abaúj-Zemplén"
"Tornaszentjakab,30517,Borsod-Abaúj-Zemplén"
"Tornyiszentmiklós,32638,Zala"
"Tornyosnémeti,29054,Borsod-Abaúj-Zemplén"
"Tornyospálca,16957,Szabolcs-Szatmár-Bereg"
"Torony,29878,Vas"
"Torvaj,10153,Somogy"
"Tószeg,07490,Jász-Nagykun-Szolnok"
"Tótkomlós,16434,Békés"
"Tótszentgyörgy,26994,Baranya"
"Tótszentmárton,16382,Zala"
"Tótszerdahely,25113,Zala"
"Tótújfalu,16407,Somogy"
"Tótvázsony,02714,Veszprém"
"Tök,24527,Pest"
"Tököl,29823,Pest"
"Töltéstava,16674,Győr-Moson-Sopron"
"Tömörd,05166,Vas"
"Tömörkény,25900,Csongrád-Csanád"
"Törökbálint,06859,Pest"
"Törökkoppány,20093,Somogy"
"Törökszentmiklós,27313,Jász-Nagykun-Szolnok"
"Törtel,22008,Pest"
"Töttös,04136,Baranya"
"Trizs,04914,Borsod-Abaúj-Zemplén"
"Tunyogmatolcs,13213,Szabolcs-Szatmár-Bereg"
"Tura,09593,Pest"
"Túristvándi,13602,Szabolcs-Szatmár-Bereg"
"Túrkeve,28228,Jász-Nagykun-Szolnok"
"Túrony,18582,Baranya"
"Túrricse,08998,Szabolcs-Szatmár-Bereg"
"Tuzsér,09919,Szabolcs-Szatmár-Bereg"
"Türje,12609,Zala"
"Tüskevár,04631,Veszprém"
"Tyukod,31398,Szabolcs-Szatmár-Bereg"
"Udvar,04437,Baranya"
"Udvari,21360,Tolna"
"Ugod,24767,Veszprém"
"Újbarok,17482,Fejér"
"Újcsanálos,12487,Borsod-Abaúj-Zemplén"
"Újdombrád,33659,Szabolcs-Szatmár-Bereg"
"Újfehértó,26611,Szabolcs-Szatmár-Bereg"
"Újhartyán,06293,Pest"
"Újiráz,23393,Hajdú-Bihar"
"Újireg,20561,Tolna"
"Újkenéz,10117,Szabolcs-Szatmár-Bereg"
"Újkér,19673,Győr-Moson-Sopron"
"Újkígyós,02352,Békés"
"Újlengyel,19682,Pest"
"Újléta,20419,Hajdú-Bihar"
"Újlőrincfalva,27623,Heves"
"Újpetre,06062,Baranya"
"Újrónafő,31839,Győr-Moson-Sopron"
"Újsolt,08785,Bács-Kiskun"
"Újszalonta,24350,Békés"
"Újszász,15291,Jász-Nagykun-Szolnok"
"Újszentiván,14924,Csongrád-Csanád"
"Újszentmargita,32568,Hajdú-Bihar"
"Újszilvás,17808,Pest"
"Újtelek,33604,Bács-Kiskun"
"Újtikos,11925,Hajdú-Bihar"
"Újudvar,32197,Zala"
"Újvárfalva,07205,Somogy"
"Ukk,23010,Veszprém"
"Und,20792,Győr-Moson-Sopron"
"Úny,27632,Komárom-Esztergom"
"Uppony,18351,Borsod-Abaúj-Zemplén"
"Ura,28981,Szabolcs-Szatmár-Bereg"
"Uraiújfalu,21537,Vas"
"Úrhida,17622,Fejér"
"Úri,28644,Pest"
"Úrkút,20853,Veszprém"
"Uszka,31820,Szabolcs-Szatmár-Bereg"
"Uszód,16294,Bács-Kiskun"
"Uzsa,34218,Veszprém"
"Üllés,21412,Csongrád-Csanád"
"Üllő,12894,Pest"
"Üröm,11934,Pest"
"Vác,24934,Pest"
"Vácduka,05917,Pest"
"Vácegres,30331,Pest"
"Váchartyán,19886,Pest"
"Váckisújfalu,05698,Pest"
"Vácrátót,17668,Pest"
"Vácszentlászló,09104,Pest"
"Vadna,07223,Borsod-Abaúj-Zemplén"
"Vadosfa,06239,Győr-Moson-Sopron"
"Vág,02237,Győr-Moson-Sopron"
"Vágáshuta,29151,Borsod-Abaúj-Zemplén"
"Vaja,18591,Szabolcs-Szatmár-Bereg"
"Vajdácska,30003,Borsod-Abaúj-Zemplén"
"Vajszló,28538,Baranya"
"Vajta,02459,Fejér"
"Vál,05829,Fejér"
"Valkó,17598,Pest"
"Valkonya,26268,Zala"
"Vállaj,06938,Szabolcs-Szatmár-Bereg"
"Vállus,10685,Zala"
"Vámosatya,27322,Szabolcs-Szatmár-Bereg"
"Vámoscsalád,31051,Vas"
"Vámosgyörk,14580,Heves"
"Vámosmikola,10737,Pest"
"Vámosoroszi,08934,Szabolcs-Szatmár-Bereg"
"Vámospércs,08989,Hajdú-Bihar"
"Vámosújfalu,15149,Borsod-Abaúj-Zemplén"
"Vámosszabadi,12405,Győr-Moson-Sopron"
"Váncsod,16762,Hajdú-Bihar"
"Vanyarc,30915,Nógrád"
"Vanyola,21777,Veszprém"
"Várad,08138,Baranya"
"Váralja,32850,Tolna"
"Varászló,09274,Somogy"
"Váraszó,27012,Heves"
"Várbalog,18412,Győr-Moson-Sopron"
"Varbó,21810,Borsod-Abaúj-Zemplén"
"Varbóc,10144,Borsod-Abaúj-Zemplén"
"Várda,26781,Somogy"
"Várdomb,09414,Tolna"
"Várfölde,02529,Zala"
"Varga,28529,Baranya"
"Várgesztes,17251,Komárom-Esztergom"
"Várkesző,26204,Veszprém"
"Várong,29124,Tolna"
"Városföld,10667,Bács-Kiskun"
"Városlőd,07065,Veszprém"
"Várpalota,11439,Veszprém"
"Varsád,06637,Tolna"
"Varsány,29498,Nógrád"
"Várvölgy,14182,Zala"
"Vasad,22585,Pest"
"Vasalja,02884,Vas"
"Vásárosbéc,24952,Baranya"
"Vásárosdombó,02264,Baranya"
"Vásárosfalu,17880,Győr-Moson-Sopron"
"Vásárosmiske,09195,Vas"
"Vásárosnamény,18324,Szabolcs-Szatmár-Bereg"
"Vasasszonyfa,20394,Vas"
"Vasboldogasszony,10302,Zala"
"Vasegerszeg,15334,Vas"
"Vashosszúfalu,20349,Vas"
"Vaskeresztes,30702,Vas"
"Vaskút,28343,Bács-Kiskun"
"Vasmegyer,27100,Szabolcs-Szatmár-Bereg"
"Vaspör,14322,Zala"
"Vassurány,25982,Vas"
"Vasvár,04695,Vas"
"Vaszar,26648,Veszprém"
"Vászoly,16656,Veszprém"
"Vasszécseny,29373,Vas"
"Vasszentmihály,11633,Vas"
"Vasszilvágy,12104,Vas"
"Vát,02246,Vas"
"Vatta,30076,Borsod-Abaúj-Zemplén"
"Vázsnok,07074,Baranya"
"Vécs,05759,Heves"
"Vecsés,26815,Pest"
"Végegyháza,31228,Békés"
"Vejti,18519,Baranya"
"Vékény,24402,Baranya"
"Vekerd,11138,Hajdú-Bihar"
"Velem,26000,Vas"
"Velemér,18430,Vas"
"Velence,25016,Fejér"
"Velény,22071,Baranya"
"Véménd,20279,Baranya"
"Vének,05014,Győr-Moson-Sopron"
"Vép,26426,Vas"
"Vereb,03498,Fejér"
"Veresegyház,18342,Pest"
"Verőce,33729,Pest"
"Verpelét,24147,Heves"
"Verseg,22488,Pest"
"Versend,19725,Baranya"
"Vértesacsa,02750,Fejér"
"Vértesboglár,13897,Fejér"
"Vérteskethely,32586,Komárom-Esztergom"
"Vértessomló,15282,Komárom-Esztergom"
"Vértestolna,29629,Komárom-Esztergom"
"Vértesszőlős,31264,Komárom-Esztergom"
"Vése,08183,Somogy"
"Veszkény,04589,Győr-Moson-Sopron"
"Veszprém,11767,Veszprém"
"Veszprémfajsz,21430,Veszprém"
"Veszprémgalsa,19336,Veszprém"
"Veszprémvarsány,22691,Győr-Moson-Sopron"
"Vésztő,29531,Békés"
"Vezseny,21157,Jász-Nagykun-Szolnok"
"Vid,09502,Veszprém"
"Vigántpetend,09733,Veszprém"
"Villány,28024,Baranya"
"Villánykövesd,05209,Baranya"
"Vilmány,11581,Borsod-Abaúj-Zemplén"
"Vilonya,15705,Veszprém"
"Vilyvitány,12982,Borsod-Abaúj-Zemplén"
"Vinár,24651,Veszprém"
"Vindornyafok,32142,Zala"
"Vindornyalak,06549,Zala"
"Vindornyaszőlős,11800,Zala"
"Visegrád,28413,Pest"
"Visnye,19017,Somogy"
"Visonta,31246,Heves"
"Viss,05096,Borsod-Abaúj-Zemplén"
"Visz,06877,Somogy"
"Viszák,07940,Vas"
"Viszló,03957,Borsod-Abaúj-Zemplén"
"Visznek,03513,Heves"
"Vitnyéd,25797,Győr-Moson-Sopron"
"Vízvár,29780,Somogy"
"Vizslás,10320,Nógrád"
"Vizsoly,21087,Borsod-Abaúj-Zemplén"
"Vokány,05892,Baranya"
"Vonyarcvashegy,12919,Zala"
"Vöckönd,08369,Zala"
"Völcsej,16319,Győr-Moson-Sopron"
"Vönöck,03142,Vas"
"Vöröstó,11703,Veszprém"
"Vörs,09645,Somogy"
"Zabar,21661,Nógrád"
"Zádor,17747,Baranya"
"Zádorfalva,03063,Borsod-Abaúj-Zemplén"
"Zagyvarékas,14836,Jász-Nagykun-Szolnok"
"Zagyvaszántó,21722,Heves"
"Záhony,16203,Szabolcs-Szatmár-Bereg"
"Zajk,24590,Zala"
"Zajta,06275,Szabolcs-Szatmár-Bereg"
"Zákány,14623,Somogy"
"Zákányfalu,34403,Somogy"
"Zákányszék,05546,Csongrád-Csanád"
"Zala,11466,Somogy"
"Zalaapáti,17400,Zala"
"Zalabaksa,07579,Zala"
"Zalabér,24280,Zala"
"Zalaboldogfa,28495,Zala"
"Zalacsány,04002,Zala"
"Zalacséb,02486,Zala"
"Zalaegerszeg,32054,Zala"
"Zalaerdőd,29993,Veszprém"
"Zalagyömörő,27207,Veszprém"
"Zalahaláp,12654,Veszprém"
"Zalaháshágy,23834,Zala"
"Zalaigrice,16896,Zala"
"Zalaistvánd,12496,Zala"
"Zalakaros,11785,Zala"
"Zalakomár,10348,Zala"
"Zalaköveskút,18768,Zala"
"Zalalövő,30313,Zala"
"Zalameggyes,33039,Veszprém"
"Zalamerenye,31617,Zala"
"Zalasárszeg,02972,Zala"
"Zalaszabar,22947,Zala"
"Zalaszántó,33288,Zala"
"Zalaszegvár,23597,Veszprém"
"Zalaszentbalázs,18564,Zala"
"Zalaszentgrót,32522,Zala"
"Zalaszentgyörgy,33136,Zala"
"Zalaszentiván,02608,Zala"
"Zalaszentjakab,18096,Zala"
"Zalaszentlászló,07232,Zala"
"Zalaszentlőrinc,13301,Zala"
"Zalaszentmárton,13091,Zala"
"Zalaszentmihály,18449,Zala"
"Zalaszombatfa,27562,Zala"
"Zaláta,25122,Baranya"
"Zalatárnok,29683,Zala"
"Zalaújlak,09380,Zala"
"Zalavár,13736,Zala"
"Zalavég,17057,Zala"
"Zalkod,15617,Borsod-Abaúj-Zemplén"
"Zamárdi,06008,Somogy"
"Zámoly,30243,Fejér"
"Zánka,20826,Veszprém"
"Zaránk,23445,Heves"
"Závod,14304,Tolna"
"Zebecke,03726,Zala"
"Zebegény,14960,Pest"
"Zemplénagárd,31608,Borsod-Abaúj-Zemplén"
"Zengővárkony,15848,Baranya"
"Zichyújfalu,34263,Fejér"
"Zics,33057,Somogy"
"Ziliz,19275,Borsod-Abaúj-Zemplén"
"Zimány,27614,Somogy"
"Zirc,26499,Veszprém"
"Zók,12201,Baranya"
"Zomba,21625,Tolna"
"Zubogy,19105,Borsod-Abaúj-Zemplén"
"Zsadány,06257,Békés"
"Zsáka,04817,Hajdú-Bihar"
"Zsámbék,25034,Pest"
"Zsámbok,22035,Pest"
"Zsana,15158,Bács-Kiskun"
"Zsarolyán,28750,Szabolcs-Szatmár-Bereg"
"Zsebeháza,16869,Győr-Moson-Sopron"
"Zsédeny,21643,Vas"
"Zselickisfalud,26842,Somogy"
"Zselickislak,24110,Somogy"
"Zselicszentpál,17491,Somogy"
"Zsennye,12292,Vas"
"Zsira,04622,Győr-Moson-Sopron"
"Zsombó,17765,Csongrád-Csanád"
"Zsujta,11022,Borsod-Abaúj-Zemplén"
"Zsurk,13037,Szabolcs-Szatmár-Bereg"
